address,name,comment
# Seeded from string cross-references in carpet.exe (retail). Keep the original
# address in the name so decompiled output stays traceable to the binary.
0x00010010,dos_is_cdrom_drive_10010,int 21h AH=19h current drive then AH=36h free space; CD-ROM signature = total clusters 0xFFFF / avail 0 / 1 sector per cluster / 0x800 bytes per sector; caches result in DAT_000938c0; returns 1 if CD (caller 3bbd0)
0x00010080,spiral_search_begin_10080,allocate one of 100 iterators (0x18 bytes at 0xac160) over ring offset tables at DAT_000ade28
0x00010100,spiral_search_end_10100,release iterator
0x00010120,spiral_search_next_10120,returns next (dx dy) cell offset; 2 when exhausted
0x000101b0,spiral_search_init_101b0,"Round 6: comment corrected (record size). Builds the spiral ring tables: file_load_rnc data/search.dat (string 0x90004) into the screen buffer (32x32 ring index per cell), then for ring r = 0..31 collects 4-byte cells {dx, dy, r, 0} into the *SearchD pool (DAT_000adf60) and stores {ptr, u16 count} in g_spiral_rings[r] (DAT_000ade28, 6-byte records); marks the 99 iterator slots g_spiral_iters[1..99] (0xac160 + h*0x18, +8 = -1) free."
0x000102b0,creature_check_terrain_102b0,flags: 2=height clearance vs descriptor; 1=terrain type mask (desc+0x14); 4=pitch
0x000103d0,terrain_cell_flag_bit_103d0,1<<(DAT_000fdfb0[cell]&0xf) (cell flags map)
0x00010480,terrain_type_mask_at_10480,1<<DAT_000cdfb0[cell] (cell type map 256x256); default 0x800000
0x00010530,math_bbox_overlap_10530,|dx|<ax+bx && |dy|<ay+by && |dz+off|<az+bz using extents +0x4e..+0x54
0x000105c0,thing_collide_105c0,wrapper of bbox overlap test between two things
0x000105f0,thing_find_collision_105f0,spiral search cells around thing; returns first thing with flag 8 matching filter class(+0x42)/type(+0x43) (0xff=any) whose bbox overlaps
0x00010730,thing_find_mana_near_10730,spiral search for effect type 0x27/0x28/0x2d (mana ball/?/wizard) not owned by caller (+0x90!=idx) overlapping bbox
0x00010870,thing_find_mana_ball_touching_10870,spiral search around thing pos for a collidable (flag 8) effect type 0x27 Mana ball whose bbox overlaps (thing_collide_105c0); returns ball ptr or 0 (caller projectile type 18 update 45c90)
0x00010980,thing_find_collision_other_owner_10980,spiral search like thing_find_collision_105f0 but without the flag-8 test and requiring a different owner (+0x18); filter by +0x42 class / +0x43 type (0xff = any); used by effect_mana_ball_update_25980 to find what pushes the ball
0x00010ac0,thing_exists_near_pos_10ac0,"(pos,class,type): scans the 2x2 cells around pos-0x80 for a thing of that class/type within 3D distance 0x80; returns 1/0 (caller effect type16 update 243b0)"
0x00010bc0,terrain_height_at_10bc0,wrapper of FUN_00071e00(x y) -> terrain height at world pos
0x00010be0,terrain_height_at_offset_10be0,"(short* pos, yaw, dist): terrain_height_at_71e00 at (pos.x + (sin(yaw)*dist>>16), pos.y - (cos(yaw)*dist>>16)); sin = g_trig_table[(yaw&0x7ff)+0x100] (0x987ec), cos at 0x98fec; no callers"
0x00010c30,terrain_max_corner_level_10c30,(pos*) stack arg; cx = pos byte +1 and cy = byte +3 (cell coordinates); returns max of the 4 heightmap bytes DAT_000ddfb0 at [cy:cx] [cy:cx+1] [cy+1:cx] [cy+1:cx+1] shifted >> 5 (0..6 coarse level: world height is byte*0x20 so this is highest corner / 1024); whole-cell variant of terrain_height_at_71e00 without interpolation; real entry (push ebx) but no callers = dead code
0x00010cb0,terrain_minmax_along_path_10cb0,"(pos*, yaw u16, step i16, count i16, out int[3]) all on the stack: out[0]=0 out[2]=0x40000000 then for count+1 samples h=(short)terrain_height_at_10bc0(pos); out[0]=max(out[0],h); out[2]=min(out[2],h); pos advanced in place by math_rotate_offset_3e420(pos, yaw, pitch 0, step); out[1] untouched; returns 1; no callers (dead ray probe for the max/min terrain height ahead)"
0x00010d20,thing_area_damage_10d20,damage(amount [esp+0xc] type bit [esp+8]) to castles (player type 2) and all things in cells within radius(+0x50): adds +0x5a pending damage and +0x5e attacker idx
0x00011160,thing_area_damage_11160,variant of area damage (used by fire effect)
0x00011450,thing_area_damage_11450,variant of area damage (volcano); also sets castle +0x32=0x1e
0x000116e0,thing_try_damage_116e0,"(attacker,victim,dmgtype,amount): if victim alive+flag 8 and (+0x1c & (1<<dmgtype)) and attacker filter +0x42/+0x43 matches and different owner and bboxes overlap -> write damage slot victim+0x5a+dmgtype*6 {i32 amount,u16 attacker idx}; no callers"
0x000117c0,thing_add_pending_damage_117c0,"(attacker,victim,dmgtype,amount): victim+0x5a+dmgtype*6 = amount (or += when a source is already pending); +0x5e+dmgtype*6 = attacker owner idx; the 0x24 bytes +0x5a..+0x7d are 6 damage-type slots of 6 bytes"
0x00011820,castle_near_thing_11820,(thing*) stack arg: walks g_cfg->player_list (cfg+0x8e6e); returns 1 if any castle (player thing type 2) satisfies |castle.x - thing.x| <= castle.ext_x + thing.ext_x + 0x300 and the same on y (bboxes within 3 cells on both axes) else 0; first function of the wizard-AI source file; no callers (castle_footprint_clear_11980 is the site test actually used)
0x000118c0,castle_crush_wizards_118c0,thing_set_castle_extents then for every Wizard effect (type 0x2d list cfg+0x8e76) whose x/y lie within the castle half-extents+0x100 set its +0xc = -1 (kill); restore extents (caller castle state 5 update 41500)
0x00011980,castle_footprint_clear_11980,castle site test: set castle extents; fail if any other castle (type 2 player) collides; then scan DAT_000fdfb0 cell flags bit 0x80 (built) over the footprint rectangle (cells of half-extents +0x50/+0x52 around pos) in 4 strips; returns 1 when clear (callers ai_spell_ready_14640 / 14980 / castle update 41500)
0x00011be0,castle_site_clear_at_pos_11be0,(pos): no castle (player type 2) within 0x800+extent on x and y and no DAT_000fdfb0 bit 0x80 cell in the 8x8 cell block starting at cell-8 -> returns 1 (caller 45530 castle-spell projectile)
0x00011ce0,stub_return_zero_11ce0,"compiled-out function: full prologue (push ebx/esi/edi, sub esp 8), xor eax, epilogue; returns 0; sits between castle_site_clear_at_pos_11be0 and caseD_0; no callers"
0x00011cef,dead_castle_site_search_11cef,"dead code after the compiled-out stub_return_zero_11ce0 (nothing reaches it): spiral search of up to 100 steps (cmp si 0x64) in 4 directions via jump table 0x11cc4, testing castle_site_clear_at_pos_11be0 at each offset; writes the found position into the edi record; was auto-named caseD_0"
0x00011f20,player_ai_wizard_tick_11f20,AI wizard per-tick (called by player_type1_s1_update_11de0): cache human wizard (15540); recover fireball burst counter rec+0x194; decrement 24 spell cooldowns rec+0x2d4[]; drift 8 threat values rec+0x1cc[p] toward 0x601f (up by rec+0x20a+1; down by 0x100-rec+0x20a when grudge rec+0x1ce==0); rebuild spell table (40240); inside own castle (collide with rec+0x32) -> rec+0x14b=2 invulnerable (damage slots zeroed) and fast regen (mana +0x84=+0x88/200 min 1000; health rec+0x155=max/200) else slow (/2000 min 100; /500); death via 40b70==2 -> state 2; move (13b10); mana +0x8c += +0x84 clamped to +0x88; spawn spells (14b00); every 0x40-rec+0x20e/4 ticks dodge incoming projectile (153b0/15420/15460) and heal if hurt (cast spell 14240); clamp z to descriptor clearance +0xa/+0xc
0x00012330,ai_choose_goal_12330,AI goal selector run every tick after the mode handler: build castle (12bd0 -> mode 3); low health retreat (12f70 -> mode 0xb); then only every 0x40-rec+0x20e/4 ticks: upgrade castle (12df0 -> 1); attack enemy castle (13000 -> 7); attack enemy wizard (13210 -> 8); attack type-3 player (13440 -> 9); collect mana ball (12e90 -> 6); hunt creature (13770 -> 0xd); default 13a20 (0xb home / 0xc idle). Mode byte = playerrec+0x19f
0x00012470,ai_mode1_upgrade_castle_12470,mode 1 handler (stack arg = spell id): if target +0x92 still valid (signature +0x94) aim yaw +0x22 at it; approach (140d0); when in range cast (14240); on failure stop (rec+0xc=0) and move z toward target z+0x200 by descriptor +0xe
0x00012550,ai_goal_none_12550,"Round 5: was ret_zero_12550; xor eax,eax; ret - the goal test of AI modes 2 and 5 (port_ai_wizard.md). xor eax eax; ret (AI goal test stub)"
0x00012560,ai_mode3_fly_to_castle_site_12560,mode 3: aim at home pos +0x96..+0x9a (chosen castle site); approach; cast castle spell there (14240); z toward site height+0x200
0x00012600,ai_mode4_approach_target_12600,mode 4: if target valid aim and approach; returns 0 once in range
0x00012680,ai_mode12_idle_12680,"mode 0xc: if spell (stack arg) ready cast it; else if that spell is active (+0x30>0) wait; else cruise: rec+0xc = base speed +0x80, rec+0xe = 1"
0x000126f0,ai_mode11_return_home_126f0,mode 0xb: if own castle (rec+0x32) exists: when farther than 0x2800 (dist^2 0x6400000) try casting spell else approach the castle; without castle: cast if ready else cruise
0x00012830,ai_mode6_collect_mana_12830,mode 6: approach the mana ball target; when in range cast (mana magnet); if cast succeeds and ball is within 0x1c of facing claim it (ball+0x90 = own idx)
0x00012950,ai_mode7_attack_castle_12950,mode 7: approach target castle; every think tick choose a castle-attack spell (14f00) and cast it; otherwise hover (rec+0xc=0) at target z+0x200
0x00012a80,ai_mode8_thunk_12a80,thunk: ai_mode8_attack_wizard_12a90(player thing); reached from the AI mode dispatch in player_type1_s1_update_11de0 (modes 9 / 0xd share the attack-wizard handler)
0x00012a90,ai_mode8_attack_wizard_12a90,modes 8/9/0xd (via stub 12a80): approach target; when not in burst recovery (rec+0x194>=0) choose attack spell (14c70); if ready and cast succeeds against a wizard (type 0/1) clear the grudge rec+0x1ce[target player]; else hover at target height
0x00012bd0,ai_find_castle_site_12bd0,goal: no castle yet (rec+0x32==0) and castle spell exists (13ac0) and affordable (14ad0): uses thing slot 0 (state+0x74ab) as scratch pos; tries a 4x4 grid of 0x4000-unit quadrant corners and centres (+0x1f00); accepts the first where the nearest other player (13ec0 filter 0xff) is > 0x3000 away (3e860 = max |dx| |dy|) -> home pos +0x96 = site; returns 1
0x00012d70,ai_goal_repair_castle_12d70,(player thing) goal evaluator of the ai_goal_* family: castle = things[playerrec(+0xa0)->castle +0x32]; if it exists (idx != 0) and castle.health (+0xc) < castle.max_health (+8) set target +0x92 = castle idx and +0x94 = thing_signature_14080(castle) and return 1 else 0; not called by ai_choose_goal_12330 (cut goal; the shipped equivalents are ai_goal_upgrade_castle_12df0 / ai_goal_retreat_12f70)
0x00012df0,ai_goal_upgrade_castle_12df0,goal -> mode 1: own castle exists in state 4 with +0x32 == 0 and castle spell ready+affordable+site clear (14980) -> target = castle
0x00012e90,ai_goal_collect_mana_12e90,goal -> mode 6: needs spell A (stack); if spell B missing or own total mana +0x88 <= B's cost: nearest suitable mana ball (13ce0) -> target
0x00012f70,ai_goal_retreat_12f70,goal -> mode 0xb: health below half max and own castle exists -> target = castle
0x00013000,ai_goal_attack_castle_13000,goal -> mode 7: needs a spell (154e0) and (own castle or no spell X); among other players' castles (type 2): hostile enough (threat[owner] > 50000 - aggression*health/10/255) and farther than 0x1e00 and not touching; or castle richer than (255-aggression)*0x280 + own mana -> nearest -> target
0x00013210,ai_goal_attack_wizard_13210,goal -> mode 8: among other wizards (type 0/1) not mid-cast (14c40): grudge rec+0x1ce[p]==1 -> target immediately; else threat high or (idle and their mana +0x8c > (255-aggr)*0x20 + own) -> nearest -> target
0x00013440,ai_goal_attack_type3_13440,goal -> mode 9: among player things of type 3 (not self) with high threat and total mana +0x8c > (0x113-aggr)*10 and not touching -> nearest -> target
0x000135e0,ai_goal_disabled_135e0,"calls ai_has_any_attack_spell_154e0(player) then returns 0 regardless (test al,al; xor eax): a disabled goal evaluator between ai_goal_attack_type3_13440 and ai_goal_join_hunt_13600; no callers"
0x00013600,ai_goal_creature_near_rival_13600,"(player thing) goal evaluator with no callers: for each of the 20 creature lists cfg+0x8e1e+i*4 and each creature c whose owner +0x18 != own owner: for each player p (recs state+0x340b+p*0x801, thing idx rec+0xa) whose thing is type 1 (AI wizard) and p != own playerrec+0x30: r = ai_mode12_idle_12680(self) (0 cruise / 1 casting Alliance) and only if r == that wizard's AI mode byte rec+0x19f and pos_dist_sq_xy(things[that wizard's target +0x92].pos, own pos) < 0x1900000 (20 cells) -> +0x92 = c idx, +0x94 = thing_signature_14080(c), return 1; else 0; using the idle handler as a predicate (it casts a spell as a side effect) is garbled logic consistent with a cut goal"
0x00013770,ai_goal_hunt_creature_13770,goal -> mode 0xd: needs a spell (154e0); nearest creature over all 20 lists cfg+0x8e1e.. not owned by self with mana +0x8c > 0 -> target
0x00013880,ai_set_mode0_13880,AI mode setter: playerrec P+0x19f (AI mode) = 0 (choose goal); returns 1; no callers (same shape as ai_set_mode2_138c0)
0x000138a0,ai_set_mode1_138a0,P+0x19f = 1 (upgrade castle: ai_mode1_upgrade_castle_12470); returns 1; from ai_choose_goal_12330
0x000138c0,ai_set_mode2_138c0,playerrec+0x19f = 2; returns 1 (padded sibling of the 23-byte mode setters 138a0=1 138e0=3 13920=5 13940=6 13960=7 139a0=9 139c0=8 13a00=0xb)
0x000138e0,ai_set_mode3_138e0,P+0x19f = 3 (fly to castle site: ai_mode3_fly_to_castle_site_12560); returns 1; from ai_choose_goal_12330
0x00013900,ai_set_mode4_13900,playerrec+0x19f = 4; returns 1
0x00013920,ai_set_mode5_13920,P+0x19f = 5 (mode 5 handler FUN_00012550 returns 0 = unused); returns 1; no callers
0x00013940,ai_set_mode6_13940,P+0x19f = 6 (collect mana: ai_mode6_collect_mana_12830); returns 1; from ai_choose_goal_12330
0x00013960,ai_set_mode7_13960,P+0x19f = 7 (attack castle: ai_mode7_attack_castle_12950); returns 1; from ai_choose_goal_12330
0x00013980,ai_set_mode13_13980,"P+0x19f = 0xd (hunt creature, handled by ai_mode8_attack_wizard_12a90); returns 1; from ai_choose_goal_12330"
0x000139a0,ai_set_mode9_139a0,"P+0x19f = 9 (attack type-3 player, handled by ai_mode8_attack_wizard_12a90); returns 1; from ai_choose_goal_12330"
0x000139c0,ai_set_mode8_139c0,P+0x19f = 8 (attack wizard: ai_mode8_attack_wizard_12a90); returns 1; from ai_choose_goal_12330
0x000139e0,ai_set_mode10_139e0,playerrec+0x19f = 10; returns 1
0x00013a00,ai_set_mode11_13a00,P+0x19f = 0xb (return home: ai_mode11_return_home_126f0); returns 1; from ai_choose_goal_12330
0x00013a20,ai_goal_default_13a20,fallback: if damaged and own castle exists -> target castle and mode 0xb (go home) else mode 0xc (idle); returns 1
0x00013ac0,ai_get_spell_thing_13ac0,"(thing,spell): spell thing pointer from playerrec+0x2a4[spell] (24 u16 thing indices; rebuilt each tick by 40240 from rec+0x214[]); 0 if none (15 callers)"
0x00013b10,ai_wizard_move_13b10,AI flight model: pos scratch DAT_000adfc4; ground clamp by descriptor +0xa/+0xc; pos_follow_ground; 2x pos_move_polar; steering rec+0x10 decays by 4; thing_move_to; speed +0x7e steps by 16 toward rec+0xc; turn rate = angle_diff/((255-rec+0x20e)/16+8) clamped to descriptor +2..+4; yaw +0x1e turns toward +0x22 and snaps when passing it
0x00013ce0,ai_find_mana_ball_target_13ce0,over mana balls (cfg+0x8e72): unowned (+0x90 owner not class 3) -> candidate; owned by a hostile player -> candidate; owned by friend: only if no nearer wizard (13fa0) is within 20 cells and no castle/wizard (14010/13ec0) touches it; returns nearest candidate
0x00013ec0,player_find_nearest_by_type_13ec0,"(thing,type): nearest other player thing of given type (0..3; 0xff = any; 1 and 4..0xfe return 0) from list cfg+0x8e6e by dist^2"
0x00013fa0,player_find_nearest_wizard_excl_13fa0,"(thing,excl): nearest player type 0/1 whose owner is neither thing nor excl"
0x00014010,player_find_nearest_castle_excl_14010,"(thing,excl): nearest player type 2 whose owner is neither thing nor excl"
0x00014080,thing_signature_14080,(thing) -> u16 (cls<<7) + type + owner idx (+0x18): target signature the AI goals store in player thing +0x94 and ai_target_valid_140a0 re-checks; 11 callers (all ai_goal_*)
0x000140a0,ai_target_valid_140a0,target still the same thing: thing_signature_14080(target) == +0x94 (signature = class*0x80 + type + owner idx; stored when a goal picks the target)
0x000140d0,ai_approach_target_140d0,"(thing,target,use3d,nearDist,farDist): dist 3D or XY; beyond farDist with spell ready -> cast (14240) unless spell active (14aa0); beyond nearDist -> cruise (rec+0xc=base speed); within nearDist -> stop and return 1"
0x00014240,ai_cast_spell_14240,"(thing,spell): if ai_spell_ready: clear +0x11 bit0; spell 0/0xf (fireball/lightning) need target within 0xaa of facing; set pitch to target; cooldown rec+0x2d4[spell] = DAT_000938c4[spell]; start cast (spell +0x30 = +0x32); fireball burst rec+0x194 (>7 -> negative recovery scaled by rec+0x20e); 1/4/5/0xe/2/6/9/10/0xc instant; default needs 0xe3 facing; spell 0x10 (Castle): if castle exists cast (upgrade) else thing_create(class 3 type 2) owner=self and rec+0x32 = new castle idx"
0x00014640,ai_spell_ready_14640,"(thing,spell): spell thing exists; cooldown rec+0x2d4[spell]==0; wizard mana +0x8c >= spell cost +0x88; aimed spells (0 0xb 0xd 0xf 3 7 8 0x11) also need target within accuracy ((255-rec+0x20c)/4+0x14)*0x800/360 of facing; 3/7/8/0x11/4/0xc/0xe not already casting; 0x10 castle: with a castle also site clear (11980) and aim"
0x00014980,ai_castle_spell_ready_14980,castle spell variant of 14640 using cooldown rec+0x2f4 and total mana +0x88; with existing castle needs site clear (11980) and facing (caller ai_goal_upgrade_castle)
0x00014aa0,ai_spell_active_14aa0,"(thing,spell<24): spell thing exists and is mid-cast (+0x30 > 0)"
0x00014ad0,ai_can_afford_spell_14ad0,spell cost (+0x88 of spell thing) <= wizard total mana +0x88
0x00014b00,ai_spawn_spells_14b00,spell acquisition timers: for each of 24 slots with no spell thing (rec+0x2a4[s]==0) count down rec+0x274[s]; at 0 call the spell create handler via DAT_000962b6+s*0xe (class 12 table B handler column) at own pos; new spell thing gets flag 1 and caster +0x2a = self and is stored in the first free rec+0x214[0..23]
0x00014c40,ai_spell_in_progress_14c40,returns the spell thing if it exists and +0x30 > 0 else 0
0x00014c70,ai_choose_attack_spell_14c70,wizard attack spell choice: sets conserve flag rec+0x196 when mana < total/4 (clears above /4+6000 or half); if not conserving returns the first ready of 0x11 skeleton / 8 volcano / 7 meteor (skipped with probability rec+0x20c/255) / 0 fireball / 0xf lightning; 0xff = none
0x00014f00,ai_choose_castle_attack_spell_14f00,same as 14c70 without the random skip (used in castle attack mode 7)
0x000150f0,ai_record_threat_from_projectiles_150f0,confirmed: per tick for each class-9 projectile not yet scored (+0x11 bit 0x20) fired by a player: target wizard -> threat[shooter] in target's playerrec+0x1cc += 3000 (types 3/4/0xb) or 500; target castle -> += 5000/1000 and set grudge +0x1ce=1 when above the hostility threshold; projectile type 1 hitting a player-owned mana ball -> owner's threat[shooter] += ball mana/4; values clamp 0xffff
0x000153b0,ai_find_incoming_projectile_153b0,nearest class-9 projectile (cfg+0x8e7a) whose target +0x92 is self; within 20 cells (dist^2 < 0x1900000) else 0
0x00015420,ai_set_dodge_steer_15420,"P+0x10 (steering value, decays 4/tick) = 0x50: full-rate dodge when ai_find_incoming_projectile_153b0 reports a threat; from player_ai_wizard_tick_11f20"
0x00015460,ai_counter_projectile_15460,"(thing,projectile): if within 0x400 cells^2 (dist^2 <= 0xfffff): projectile type 0/3 -> cast first ready of two spells; type 4/9 -> cast one (shield / rebound reactions); via ai_spell_ready + ai_cast_spell"
0x000154e0,ai_has_any_attack_spell_154e0,returns 1 if any of five spells (stack args) exists in the spell table 13ac0
0x00015540,ai_cache_human_wizard_15540,walks player list cfg+0x8e6e and stores the last type-0 (human) wizard thing in DAT_000acac0 (body continues in the mis-sized FUN_00015564)
0x00015590,player_mouse_steer_15590,Mouse x/y -> -127..127 steering into packet +3/+4 ((x-320)*128/320; (y-200)*128/200 or (y-240)*128/240) when cfg+0x96==0
0x000156b0,player_function_keys_156b0,P(0x19)=pause (cfg+2 bit1; stops music/sfx); F1 sound toggle (DAT_0009e321); F2 music toggle (DAT_0009e30d); F3 cycle cfg+0x96 (0..2 = thing-update sub-steps 1/4/16); F4..F9 toggle state+0x219d/0x2195/0x2196/0x2199/0x219c (gated by state+0x21ad..0x21b7); F10 map/hicolor mode state+0x219b; each posts an on-screen message (player+0x3467=0x32 ticks)
0x00016660,player_local_input_16660,Per-tick local input (skipped in demo playback): mode state+0x3855 per player (0 flight; 1; 2 spell-select; 3 text); keys [ ] adjust state+0x2198 (0x11..0x28); Esc; R=toggle res; Space; I; 1-0 spells; Enter; arrows; left/right click fire spells of thing+0xa0 book (+0x3ac/+0x3b0 selected; +0x214 slots); writes 10-byte command packet at state+0x7413+player*10
0x00017270,player_queue_command_17270,"Writes command byte (and arg bits) into local player's packet state+0x7413+p*10 (+0 cmd; +1/+5 args); cmd 0x1b/0x1c need status bit 2/4; cmd 0x1e requires player name ""chronicle"" at player+0x3815 unless cfg+1&0x80 (cheat gate)"
0x00017a80,ui_button_table_dispatch_17a80,Walks a table of 0x18-byte hotspot records {x1 y1 ? x2 y2 ... +0xc mouse cond +0xd key +0xf/+0x11 keystate idx +0x13 count}; on hit calls player_queue_command
0x00017d80,cue_script_step_17d80,"Round 6: comment corrected (port_fli.md). Cue interpreter: 7-byte records {u16 frame; char op; i16 arg; u16 unused}, index DAT_000938f4, frame DAT_0012eac0, no terminator. Ops (jump table 0x17c90, lower case = alias for ABELMRSTXZ): A frame delay DAT_0009e704; B music_stop + music_load_bank; E sound_stop_all + sound_load_bank (speech banks 1..13); K clear subtitle strip; L (dead preload) then as M; M music_play_track, loop off; O subtitles on (if DAT_000938fc); P subtitles off; Q subtitle = text entry arg; R loop sample; S play sample loud / stop all; T stop sample / stop all; X music_stop, loop off; Z music_play_track with loop (DAT_0012eaba = track + 1)."
0x00017ff0,creature_kill_all_17ff0,cheat: for all 20 creature type lists set health +0xc = -1 (caller player_commands_process_3a8b0)
0x00018050,creature_segment_update_18050,state 120 body segment: delete if parent(+0x34) not a creature; yaw toward parent; follow parent
0x00018150,terrain_slope_at_18150,max diagonal height difference of the 4 heightmap cells around pos
0x000181e0,creature_move_step_181e0,move toward target pos using descriptor(+0x9c) clearance (+0xa/+0xc); terrain check; turn yaw(+0x1e) by angle_turn_step
0x00018610,creature_idle_seek_leader_18610,"(thing,attackState): shared creature state body +0: apply pending damage slot 0 (+0x5a/+0x5e -> +0x28) and min health along segment chain +0x36; dead -> +0x26 killer and set state; hit by a player (class 3) -> target +0x92 = attacker and set state; else every descriptor+0x1a ticks find a same-type creature (list cfg+0x8e1e+type*4) with no leader within sight radius +0x1c and fov +0x1e -> +0x34 = leader and set state (10 callers = state+0 of each creature)"
0x00018870,creature_ai_step_18870,common creature step: apply pending damage (+0x5a/+0x5e -> +0x28; +0x26 killer when dead); propagate min health along +0x36 chain; creature_move_step; target search
0x00018c20,creature_attack_target_18c20,"(thing,stateA,stateB,attack_cb): shared state +1: damage/death handling; creature_move_step; every 4 ticks aim +0x22 at target +0x92; target dead or deleted -> set state; every desc+0x1a ticks: beyond sight radius -> set state else call attack_cb(dist) (pushed by caller: 193f0 dragon/worm 1961e vulture/bee 1949e archer/emu 19680 crab 19940 troll 199ee griffon) (9 callers)"
0x00018e90,creature_follow_leader_18e90,"(thing,baseState): shared state +2 flocking: no leader -> debug DAC colour 0 red (4cdf0); damage/death handling; move; every desc+0x1a ticks switch(leader state - base): 2 -> take leader's target and set state; 3 -> adopt leader's leader; 0/1 -> aim at leader (separation: aim away from same-type within 0x100) and speed +0x7e = leader speed + leader+0x82; other -> drop leader; attacked by player -> self and leader target the attacker (13 callers)"
0x000191d0,creature_die_191d0,"(thing,state): shared state +3: set state on every segment (+0x36 chain) propagating killer +0x26; if killer is a human wizard (player type 0) and creature is independent and type not 9/0xc/0xd/0xe/0xf -> killer playerrec+0x167 (kills) ++; set own state (17 callers)"
0x00019310,creature_dead_drop_mana_19310,shared state +4: every 8 ticks: cheat bit (cfg+1 & 2) sets carried mana 5000; effect_spawn_mana_ball_25fe0 drops +0x8c as a mana ball; thing_create (death effect) owned by self; thing_mark_delete (17 callers)
0x00019360,creature_adopt_leader_19360,"(thing,other,state): +0x34 = other's leader (if alive and not self) or other itself; +0x46 = state"
0x000193f0,creature_attack_fire_193f0,attack callback (dragon s2 / worm s20): thing_create class-9 projectile; +0x44=10 +0x45=0; owner; yaw/pitch to target; z += half height +0x54; descriptor DAT_00096ad0; inherits target +0x92 and filters +0x42/+0x43; damage +0x2c = 500
0x000194a0,creature_attack_arrow_194a0,attack callback (archer s26 / emu s62; pushed as 0x194a0): projectile with damage 0xfa and doubled bbox (thing_set_sprite_double_35340)
0x00019550,skeleton_attack_fire_19550,skeleton s56 attack: projectile with damage 400 (600 when the skeleton has a mana owner +0x90) and doubled bbox
0x00019620,creature_attack_melee_19620,attack callback (vulture s8 / bee s14; pushed as 0x19620): if 3D distance to target < 0x400 add pending damage (thing_add_pending_damage_117c0)
0x00019680,creature_attack_volley_19680,attack callback (crab s32): n = carried mana*7/total (1..5); random branch: 0 -> n small projectiles (+0x45=0 descriptor DAT_00096a10+(6-i)*0x20 dmg 400); 1-2 -> n projectiles +0x45=0x17 dmg 800; 3-6 -> one big projectile descriptor DAT_00096a70 dmg 8000
0x00019940,creature_attack_fire_troll_19940,attack callback (troll s44): projectile descriptor DAT_00096ad0 damage 0x30c
0x000199f0,creature_attack_fire_griffon_199f0,attack callback (griffon s50; pushed as 0x199f0): projectile +0x45=0x17 descriptor DAT_00096ad0 damage 4000 filters copied from target
0x00019a90,creature_attack_fire_homing_desc_19a90,"attack callback with the same (thing, target) stack signature and body as creature_attack_fire_193f0: thing_create(pos thing+0x48, class 9, type 0); +0x44=10 +0x45=0; +0x9c = DAT_00096a50 = g_move_desc[2] (descriptor of projectile types 1 homing / 0x11; 193f0 uses 96ad0); copies owner +0x18, filters +0x42/+0x43 and target +0x92; yaw/pitch from pos_angle_to_3e6b0/pos_pitch_to_3e6e0 to the target; z += +0x54; damage +0x2c left at the alloc default; then DAT_000adfc4 = thing pos, math_rotate_offset_3e420(pos, yaw, pitch, dist 0) which returns early (no offset) and thing_move_to_3e1d0(proj, pos) relinks it at the owner position; returns 1 if created; no code or data reference in the whole image (the only 0x19a90 byte match at 0x3fef5 is inside an instruction encoding) = dead variant of 193f0"
0x00019b80,creature_dragon_s1_main_19b80,Round 5: was creature_dragon_s1_19b80; dragon base + 1 (main). Dragon state 1 = creature_ai_step + creature_apply_zvel
0x00019c30,creature_apply_zvel_19c30,z += +0x1a; +0x1a -= 5; if z < ground+0x100 then +0x1a=0x96
0x0001a0e0,creature_archer_s25_main_1a0e0,Round 5: was creature_archer_s25_1a0e0; archer base + 1 (main). Archer (type 4) first state: target players within sight radius/fov from descriptor; else skeleton list; else flock to same-type leader (+0x34)
0x0001a760,creature_set_attack_sprite_1a760,"(thing,sprite): advance RNG +4; speed 0; thing_set_sprite; collision filter +0x42/+0x43 = target's class/type (archer s25/s27)"
0x0001a7f0,creature_set_move_sprite_1a7f0,"(thing,sprite): speed = base +0x80; set sprite; filter class 3 any type (archer s26)"
0x0001a830,creature_crab_s31_main_1a830,"Round 5: was creature_crab_s31_1a830; crab base + 1: wander, eat mana balls, attack player things awake or asleep, lay eggs (port_creatures2.md). Crab (type 5) first state: hunt players; else seek nearest mana ball (+0x92); drops mana ball when +0x8c > +0x88+500"
0x0001ac80,creature_crab_s33_collect_mana_1ac80,confirmed: Crab state 33: damage/death handling; move; every +0x1a ticks: target must be a Mana ball else state back; within 5*base speed -> absorb (+0x8c += ball +0x8c; ball owner 0; delete; set state; crab_update_sprite_by_mana_36ac0 which also adds 5000 max health per level); within 20*base speed -> +0x1a=3 (think faster); aim at ball
0x0001aef0,crab_target_nearest_mana_ball_1aef0,"Round 5: was creature_target_nearest_mana_ball_1aef0; no caller in the image (port_creatures2.md). (thing) scans the whole pool things[1..999] (state+0x7507..0x2f503) for class 10 type 0x27 mana balls, keeps the smallest pos_dist_xyz_3e8a0 below 0x10000 and writes its index to +0x92 (0 when none); placed between the crab s35 (1aee0) and s36 (1afa0) handlers; the shipped crab code creature_crab_s31_1a830 does the same search inline over g_cfg->mana_ball_list (cfg+0x8e72) with 2D distance, so this is the earlier full-pool version; no callers"
0x0001c1e0,skeleton_convert_villager_1c1e0,"(thing) per-tick body of skeleton state 55 while the summoning pose is active (+0x47 == 1, entered via 1c8a0; called only from creature_skeleton_s55_update_1bb70): if +0x3a != 0 apply damage slot 0 (+0x5a/+0x5e -> +0x28, min health along the +0x36 chain); health < 0 -> +0x26 killer, thing_set_state(thing, 0x3a = skeleton dead); hit -> +0x92 = attacker, state 0x38 = creature_skeleton_s56_attack_1c570; else +0x1a < 0 counts up and at 0 skeleton_reset_convert_timer_1c8c0 (+0x47=0, +0x1a=400, sprite 0xc9); +0x3a != 0 without damage -> +0x1a = -50 (pose interrupted); otherwise no movement and every desc->think_period (+0x1a) ticks list (tick/period)%3 = 0 Archer g_cfg->creature_lists[4] / 1 Builder [0xc] / 2 Townie [0xd] -> nearest within desc->sight_radius (+0x1c) squared; if math_isqrt(3D dist^2) <= 0x600: thing_mark_delete(victim), thing_create(victim pos DAT_000adfc4, class 5, type 9 = Skeleton) and new->owner +0x18 = own owner: skeletons turn villagers into skeletons (1bb70 inlines the same search for the +0x47 == 0 case)"
0x0001c570,creature_skeleton_s56_attack_1c570,confirmed: Skeleton state 56: damage/death handling; move; aim every 10 ticks; every desc+0x1a ticks: within sight radius (+ castle half-extent when target is a castle) -> skeleton_attack_fire_19550 else set state; if state changed -> skeleton_set_idle_1c860
0x0001c7e0,skeleton_set_attack_sprite_1c7e0,if target has the same owner -> set state (stop) else speed 0 + sprite + filter = target class/type (skeleton s55/s57)
0x0001c860,skeleton_set_idle_1c860,speed = base; sprite; filter class 3 any; +0x1a = 0x32; +0x47 = 0 (skeleton s54/s56)
0x0001c8a0,skeleton_start_convert_pose_1c8a0,"(thing) thing_set_sprite_35240(thing, 0xf5) and +0x47 = 1: enters the summoning pose; called only by creature_skeleton_s55_update_1bb70 when the +0x1a countdown (reloaded to 400 by skeleton_reset_convert_timer_1c8c0 and whenever +0x3a != 0) reaches 0; while +0x47 == 1 the s55 handler runs skeleton_convert_villager_1c1e0 instead of moving; 1c8c0 is the counterpart (sprite 0xc9, +0x47 = 0)"
0x0001c8c0,skeleton_reset_convert_timer_1c8c0,"(thing): +0x47 = 0, +0x1a = 400, thing_set_sprite(thing, 0xc9); from skeleton_convert_villager_1c1e0 when the negative +0x1a has counted back up"
0x0001d220,creature_reset_target_1d220,+0x92 = 0; +0x1a = 0; set state; sound_request (genie s68)
0x0001d270,genie_teleport_to_target_1d270,if target: +0x1a=0; set state; move to target pos + polar offset via thing_move_to (genie s67)
0x0001d310,genie_absorb_mana_ball_1d310,if carried +0x8c < total +0x88: nearest Mana ball (type 0x27) within sight radius -> +0x8c += ball mana; ball owner 0; delete ball; thing_create effect at ball pos owned by self with flag 0x100; sound (genie s67/s68)
0x0001d420,terrain_rect_is_flat_1d420,"(x,y,w,h,maxDiff): terrain_height_range_34820 (max-min of the 4 corner heights) < maxDiff"
0x0001d4b0,castle_size_half_extents_1d4b0,"(size,&hy,&hx): from the 6-byte castle size table (+4 w,+5 h; halved in 320x200 mode DAT_0012edae==1): extent = dim*0x80 + 0x300"
0x0001d540,creature_builder_s72_place_castle_1d540,"Round 5: was creature_genie_s72_place_castle_1d540; builder (type 12) base + 0: up to four attempts to found a castle next to the target wizard castle, then continues as a townie (port_creatures.md). confirmed: Genie state 72: target must be a Wizard effect (type 0x2d) else state back; try up to 4 placements (+0x1a 1..3 = offsets east/west/south of the wizard by castle half-extents + random cells); reject water (terrain type 1); require flat terrain (1d420) and no wizard effect or castle overlapping; then thing_create + effect_wizard_init_35090 and set the new thing to state 0x33 (castle build); clear target and change state"
0x0001ef10,creature_stop_set_sprite_1ef10,advance RNG; speed 0; thing_set_sprite (type15 s91)
0x0001ef50,creature_reset_speed_sprite0_1ef50,"(thing): speed_cur (+0x7e) = speed_base (+0x80); thing_set_sprite_35240(thing, 0); from creature_type15_s92_update_1ecd0"
0x0001ef80,creature_type15_wander_1ef80,type15 ground wander (caller s91 1ea60): every 8 ticks check cell type mask vs descriptor +0x14 (forbidden -> state 0x5e=94); score 4 headings (+0x200 steps; weights from the 4 u16 at 0x1ea40) with creature_check_terrain and pick the best yaw; every 16 ticks snap the lateral axis to the cell centre (+0x80) by heading quadrant (walks along cell lines); separation from same-type within 0x100; 50% chance to skip turning; pos_move_polar + ground follow + thing_move_to
0x0001f800,music_update_1f800,"Per-tick music driver. If music available (DAT_0009e30c): no track (DAT_0009e312==0) -> remove pending HMI timer event (DAT_000938fa). Music on and song finished (music_song_done_5cf40) -> restart (snd_midi_song_setup_5ec41/start_5eab0; DAT_000938f8=0 f9=1 fb=0xfe; DAT_0009e310=100). BL arg = requested mood 1/2: when it differs from DAT_000938f9 negate the fade direction DAT_000938fb and add an HMI timer event (fade). Callers FUN_3fc00, ui_draw_status_bars_219f0, cue_script_step_17d80."
0x0001f960,music_stop_1f960,Stops/uninits current song (5eb38/5ea6d/60035); DAT_0009e312=0
0x0001fa80,ret_stub_1fa80,1-byte ret (shared epilogue target)
0x0001fab0,render_frame_1fab0,Per-frame draw dispatcher. switch on player byte +0x3855 (view mode): 0 = 3D view + HUD (render_view_2f6e0 then 43610/42a20 radar
0x000212f0,ui_fill_bar_212f0,"HUD bar fill: width = min(arg7, arg9); if > 1 fills the rect via gfx_fill_rect_320_60590 or gfx_fill_rect_640_60610 by DAT_0012edae&1. Caller ui_draw_status_bars_219f0."
0x00021370,ui_draw_player_list_21370,Multiplayer player list: counts players with +0x340b+6 set
0x000219f0,ui_draw_status_bars_219f0,HUD bars (health/mana) of the local player's thing; rect fills FUN_000606c0/60688 (hi/lo)
0x000224e0,ui_draw_sprite_blend_224e0,Round 5: was ui_fill_rect_blend_224e0; span-sprite blitter: blend with the sprite (was ui_fill_rect_blend; port_hud.md). Translucent rectangle: dest = 0xBD9B0[dest<<8|colour].
0x00022610,ui_draw_sprite_tint_22610,Round 5: was ui_fill_rect_blend2_22610; span-sprite blitter: tint under the sprite (was ui_fill_rect_blend2; port_hud.md). Translucent rectangle variant.
0x00022760,ui_draw_sprite_shaded_22760,"2 pad bytes (mov ecx,ecx); real entry 0x22760. Draws a span-encoded 2D sprite (arg3 ptr, height byte at +5) at (x,y) through the shade table 0xB99B0[(arg4<<8)|c] into DAT_0012ed74; 320x200 path halves coords, 640 path at 0x2280b."
0x00022820,ui_draw_spell_icon_22820,draw_sprite + FUN_22610
0x00022870,ui_draw_thing_label_22870,Text/icon label for a thing (name table DAT_00097630)
0x00022d80,ui_draw_spell_panel_icon_22d80,"CORRECTED (was target panel). (x, y, spell thing, mode): spell-selection icon for a spell thing whose caster (+0x2a) is live: mode 0 blends the background (224e0), else solid 0x12 (idle) / 0x18 (casting, +0x30 != 0); icon index (type+6)*6; when the caster's view mode (+0x3855) != 0 or playerrec+0x34c[type] > 0 decrements that flash counter and highlights (22610) if the thing is in a selected slot (rec+0x304[i] -> rec+0x214[slot]); dims with ui_shade_rect_23310 when cost +0x84 exceeds the castle's mana (+0x8c of thing rec+0x32)."
0x00023050,dbg_draw_thing_timers_23050,"(x, y, thing): sprintf(buf, format %d at 0x905bc, thing+0x3a timer_a) drawn with ui_draw_text_4a9a0 colour DAT_000acc18 at (x,y); +0x3b timer_b one line lower (ui_font_line_height_4abd0, colour DAT_000adc17); i16 +0x30 cast_ticks two lines lower (colour DAT_000adb18); 256-byte stack buffer; dead debug overlay"
0x00023140,ui_copy_block_23140,"Copies a 160x50 (320 mode) or 320x100 (640 mode) pixel block inside DAT_0012ed74 from (x0,y0) to (x1,y1) with pitch DAT_0012ed70 (rep movsd 0x14 / 0x28 dwords per row)."
0x00023260,ui_fill_rect_tint_23260,"Rect (x,y,w,h,colour; coords halved in 320 mode): dest = 0xBD9B0[colour*0x100 + dest] (colour-major blend; 224e0 uses the dest-major order)."
0x00023310,ui_shade_rect_23310,Darkens a rectangle: dest = 0xB99B0[shade<<8|dest].
0x000233c0,ui_draw_rect_outline_blend_233c0,"1-pixel rectangle outline (x,y,w,h,colour; halved in 320 mode) blended through 0xBD9B0[colour*0x100 + dest]."
0x00023600,movie_subtitle_init_23600,"Once (DAT_0009390a=1, DAT_000938fd=1): mem_alloc_named; ui_set_clip_rect_588b0; ui_font_init_589d0; DAT_000adfd6 = palette_find_nearest colour; subtitle strip DAT_000b2e04 = DAT_0012ed74 + 0xe100 (= 320*180, bottom 20 rows), DAT_000b2e0c = 0x4b00; clears it (movie_buffer_clear_236d0). Caller cue_script_step_17d80 (FLI event script) - this is the ftext.dat subtitle system."
0x000236a0,movie_subtitle_show_236a0,"If initialised: clear the subtitle strip then ui_draw_text_58ab0 (font DAT_000adfd0, text = arg5) and remember the string in DAT_0009390c."
0x000236d0,movie_subtitle_clear_236d0,"Round 6: was movie_buffer_clear_236d0; clears the subtitle strip (DAT_000b2e04, DAT_000b2e0c = 0x4b00 bytes) when the subtitles are initialised (DAT_0009390a); cue op K (port_fli.md)."
0x00023700,movie_subtitle_free_23700,"Round 6: was movie_free_23700; cue op P / end of the intro: clears the strip, frees the sfont1 resource list, DAT_000938fd = 0 (blit no longer shifted), DAT_0009390a = 0, DAT_0009390c = 0."
0x00023740,movie_subtitle_set_colour_23740,Sets subtitle colour DAT_000adfd6 = arg and redraws the current subtitle DAT_0009390c via movie_subtitle_show_236a0.
0x00023766,ret_stub_23766,1-byte ret (skip-game path)
0x0002376f,terrain_max_drop_around_2376f,"10 zero bytes + lea pads; real entry 0x23780. arg = ptr to pos {x,y}; cell = (coord-0x80)>>8; returns the most negative (neighbour - centre) heightmap (0xDDFB0) difference over the 8 neighbours, 0 when nothing is lower (steepest downhill drop)."
0x000238b0,effect_explosion_update_238b0,countdown +0x1a then life +0xc; on impact: area damage; terrain hit (DAT_cdfb0 cell type 0x1a/10/0xb -> FUN_32150); random +0x2e; sound; anim advance
0x00023c20,effect_fire_update_23c20,"CONFIRMED Fire (class 10 state 6): life-- then FUN_3f240; life < 12: shrink (sprite--, +0x1a--) and a 1/7 chance to spawn a smoke thing (+0x1a 100, life 15, owner copied, sprite+2) unless flag 0x80; else grow until +0x1a == 7 (sprite++); z = terrain + +0x2e; on water (terrain_type_mask_at == 1) delete; thing_area_damage_11160 unless flag 0x100."
0x00023dc0,effect_volcano_update_23dc0,life +0xc; random area damage 11450 + sound each tick; at end spawn follow-up effect and delete
0x00023f20,terrain_modify_cells_spiral_23f20,spiral_search_begin_10080; while spiral_search_next_10120 == 1 call terrain_modify_cell_3d620; spiral_search_end. Applies a height change to every cell of a spiral area. Caller effect_crater_s11_update_23fc0.
0x00024100,effect_white_smoke_update_24100,rise speed +0x7e (0x40..0x80); z+=speed clamped to ground; drift via pos_move_polar for 16 ticks; sprite +0x56 anim
0x000241f0,effect_black_smoke_update_241f0,CONFIRMED (class 10 state 14): life-- (delete when < 0); rise speed +0x7e -= 4 clamped 0x40..0x80; z += speed clamped to the terrain; drifts via math_rotate_offset_3e420 for the first 16 ticks (+0x1a) advancing the sprite every other tick; sprite-- when life < 6; thing_move_to_3e1d0.
0x00024d70,terrain_ring_find_height_ne8_24d70,"Standalone dead function (no callers; effect_rain_of_fire_s26_24d10 ends with ret at 0x24d52 and the 4-entry jump table 0x24d54-0x24d63 belongs to this routine): arg [esp+0x14] = packed cell (x in the low byte, y in the high byte, index y<<8|x); for radius r..0x1d (r is the stack byte [esp+8], read by cmp at 0x24d7c before anything writes it, so it is uninitialised) start at (x-r, y-r) and walk the four sides of the square ring (+x, +y, -x, -y, r steps each, selected through the jump table) returning the first packed cell whose g_map_height byte (cmp [ebx+0xDDFB0], 8) != 8 (world z 0x100); returns the start cell when nothing is found out to radius 0x1d. It tests the height map, not texture 8 as ENGINE.md open question 2 assumes."
0x00024e20,terrain_cell_raise_needed_24e20,"Used by the terrain-raising effects (states 27/28/29: 24fc0/24eb0/250b0 raise cells by 0x30): returns 0 (skip) when the x-1 neighbour is texture 8 (0xCDFB0) and the 4 neighbours (x-1, x+1, y+1, y-1) are no higher than h+0x1e; otherwise 1."
0x00025600,effect_age_tick_25600,2 pad bytes; entry 0x25600. thing (stack arg): +0x1a timer++; +0xc life--; thing_mark_delete_3e3e0 when life was already < 0. Generic effect ageing helper (0 callers in export).
0x00025980,effect_mana_ball_update_25980,class 10 state 41 (type 0x27 Mana ball): owner change (+0x64 -> +0x90); pushed by +0x76; merges with other balls
0x00025e20,mana_ball_update_sprite_25e20,"Mana ball sprite: size level 0..7 = first threshold in DAT_00093910[7] that is >= +0x8c mana; sprite base from the owner (thing +0x90, must be class 3): playerrec+0x30 player 0..7 -> 0x69,0x71,0x79,...,0xa1 (8 sprites per player colour), unowned -> 0x34; if +0x56 differs: thing_set_sprite then thing_set_sprite_halved_35380. Caller effect_create_mana_ball_39840."
0x00025fe0,thing_drop_mana_ball_25fe0,"If +0x8c > 0: thing_create_35690 (mana ball) with +0x8c mana and +0x90 owner copied, yaw = own yaw + rnd%0x71 - 0x38, speed +0x7e = 0x10 + rnd%0x30, +0x2e z-vel = (0x400 - height above ground)/8, pushed out by math_rotate_offset_3e420; then own +0x90 = 0 (RNG +4 LCG 0x24a1/0x24df). Callers FUN_19310 (creature death) and FUN_419a0 (player)."
0x00026120,mana_ball_merge_26120,merge mana ball b into a (+0x8c sum; choose owner +0x90) and free b
0x00026320,castle_stamp_footprint_26320,"Stamps the castle footprint map (6-byte size table[+0x47]: +0 ptr to span-encoded map, +4 w, +5 h; w,h halved when DAT_0012edae==1) centred on the thing's cell, base height = z>>5. Pass 1 per map byte: 7..0xe -> height = base; high nibble 3 -> base+0xc / base+0x10 terraces; other high nibble -> base + (nib-1)*4; flags low bits -> 1 and terrain_retexture_rect_324e0. Pass 2: paint kind per byte (nibble 0: class (b%7)-1; 1-2: kind 8/9; 3: 10 + (b%16)/3 with orientation b%3; >=4: nib+0xb) via terrain_paint_cell_32150. Caller FUN_3f360."
0x00026680,effect_castle_build_update_26680,class 10 states 48/51: castle construction stages (+0x47 castle size index; 6-byte size table); state 0x33 -> flatten terrain FUN_348b0 -> state 0x34
0x00026f10,effect_castle_raise_terrain_s44_26f10,"CONFIRMED and renamed; table handler (class 10 state 44) (castle build state 44). First tick: +0x1a = 0x13, flag 2. While +0x1a > 0 and the castle (+0x2a) +0x32 hit timer == 0: builds int16 height deltas for the footprints of every size <= +0x47 in DAT_000adf68 (cell_kill_things_3da30 when flag 0x100), adds delta/remaining ticks to the heightmap each tick (new land -> class 1 + terrain_retexture_rect_force_32760), paints textures via terrain_paint_cell_32150 every 7th tick, water-bit fixes at ticks 1-2. At 0: +0x1a = -1 (or -0x19 when +0x3c set); counting back up to 0 marks footprint cells 0x80 (clearing bit 8), sets castle +0x30 = 2 and deletes itself."
0x00027660,creature_spawn_random_villager_27660,"rnd%12 (thing +4 LCG) picks a creature via thing_create_35690 and forces its state: 0-1 -> 0x19 Archer, 2-3 -> 0x55 Trader, 4-8 -> 0x4f Townie, 9-11 -> 0x49 Builder; returns the thing or 0. Callers effect_ridge_node_s52_update_27710 and effect_type51_s53_update_27930 (so types 50/51 are village/town spawners, not ridge nodes)."
0x00027f90,thing_apply_pending_damage_27f90,"+0x28 = 0; health (+0xc) < 0 -> return 2; if +0x5e attacker set: health -= +0x5a; dead -> +0x26 = attacker and return 2; else +0x28 = attacker, clear +0x5a/+0x5e, return 1; no pending damage -> 0. Caller effect_ridge_node_s52_update_27710."
0x000284d0,vga_dac0_set_blue_284d0,"Hand-written asm (push ebx; mov bl,0x3f; xor cl,cl; xor ch,ch): out 0x3c8 <- 0 selects DAC write index 0, then three out 0x3c9 writes r=0 g=0 b=0x3f, so palette entry 0 (the VGA border/overscan and background colour) becomes pure blue; pops ebx and returns 0x3f in al. No callers and not in any dispatch table (class 10 Table A m61 is the lone ret at 0x284c0), so it is a leftover timing-flash debug helper. The function starts at 0x284d0 (the old entry 0x284cf was on a padding byte)."
0x000284f0,render_set_texture_uv_scale_284f0,Rewrites every non-zero entry of the 32 x 8-dword UV table DAT_00093b48 to (n<<16)-1 (texture size change
0x00028580,render_build_roll_table_28580,Builds Bresenham step table DAT_000b3a10 (3 dwords/entry) and index list DAT_000adf68+0xe7e0 for the screen roll angle (octant DAT_000b587c = angle>>8) using sin/cos 0x987ec/0x98fec; sets DAT_000b5858/5874/5878/5888/5890/5898/589c clip extents. Used by render_sprite_scaled_2ad60 to draw sprites along rolled screen axes.
0x00029050,render_landscape_29050,Landscape renderer: args (cam_x
0x0002ad60,render_sprite_scaled_2ad60,Leaf sprite blitter. Scales sprite (DAT_000b582c w signed for mirror
0x0002c600,render_cell_things_2c600,Draws the linked list of Things standing in one terrain cell (start index = vertex+0x24 from map 0x10DFB0
0x0002dac0,render_cell_things_sirds_2dac0,Same as 2c600 for the SIRDS pass: DAT_000b5818 = (0x1400 - z) * -0x15e + 0x400000 (depth value instead of fog).
0x0002e5a0,render_cell_things_mirrored_2e5a0,"CONFIRMED: same loop as render_cell_things_2c600 (cull z < 0x41 / dist^2 >= DAT_000b584c, fog DAT_000b5818, sprite choice by draw type 0/1/0x11/0x12/0x13-0x14/0x15/0x16+, LRU stamp DAT_000b7cb0) but projects with height -cam_z - thing_z (reflection below the surface) and never draws a shadow; used by the second-surface pass (state+0x2195)."
0x0002f080,render_sky_2f080,Fills viewport with a rotated+scrolled 256x256 sky texture (addressed through a 16-bit segment offset (v<<8|u)); u scroll = yaw*0x8000>>16
0x0002f320,render_set_view_window_top_2f320,Variant of 2f3c0 used by view mode 4 (offset = pitch - 16*n or -8*n).
0x0002f3c0,render_set_view_window_2f3c0,Computes DAT_000b5810 = offset of the reduced view window for size n (0x28-n cells; 8/12 or 4/5 pixel steps by resolution) and sets the viewport base DAT_0012ed74+offset.
0x0002f480,vga_present_frame_2f480,End of tick: if anaglyph (+0x219b==1 and !DAT_00093f74) combines frame and DAT_000adf70 through 8 colour tables DAT_000b2e10..0xb3510 in place; then copies to VRAM: interlaced (7946d) / 16-bit anaglyph (79246
0x0002f680,vesa_mode_supported_2f680,Walks the VESA info block mode list (DAT_0012ef00 +0xe/+0x10 far ptr) for the requested mode (0x10E/0x111 HiColor)
0x0002f6e0,render_view_2f6e0,Chooses view path and post-filters: terrain-slope smoothing (DAT_00093f7c/80 from heightmap 0xDDFB0)
0x0002ff10,stereo_mode_leave_2ff10,Restores video mode (FUN_00061480 / FUN_000613e0)
0x0002ff50,stereo_mode_enter_2ff50,Enters anaglyph mode: switches VESA mode (0x10e for 320 wide
0x000302f0,vga_set_palette_302f0,out 3C6=FF then 256x(3C8 idx; 3C9 r g b); mirrors to alternate DAC via 50180 when DAT_0009e43c
0x00030350,mapmode_palette_save_30350,Before frame: if map mode; restore mode/palette (saves mode in DAT_00093fc0)
0x000303b0,mapmode_palette_restore_303b0,After frame: re-enter map mode palette (2ff50) if DAT_00093fc0
0x000303f0,terrain_build_303f0,Generate map: copies seed from the level header; tries file_load_rnc of a 0x10000-byte (256x256) heightmap and if absent calls FUN_000313a0 (generator); then FUN_00031430/31e50/309f0/31650/30c50/31800/31ad0/308f0 (feature passes) and FUN_00030500/30810/30eb0/30690/31310 (texturing).
0x00030500,terrain_smooth_spikes_30500,"Terrain pass: for land cells (flags&7 != 0) take min/max of the 8 neighbours; a cell > 4 above the min (spike) or > 4 below the max (pit) becomes the neighbour average, or (h+avg)/2 when the excess is < 11."
0x00030690,terrain_mark_water_anim_30690,"Clears flag bit 8 everywhere, then sets bit 8 (animated water, see renderer) on cells of height 0 whose 8 neighbours are height 0 and whose 4 texture cells (x,y),(x-1,y),(x-1,y-1),(x,y-1) are texture 0."
0x00030810,terrain_fix_shore_quads_30810,"For each 2x2 quad: if it has both class-0 (water) and class-4 (transition) cells and the lowest water cell is height 0, zero all four heights (flat shoreline)."
0x000308f0,terrain_flags_fill_holes_308f0,"If all 8 neighbours share the same non-zero flag class, set the centre to it (removes 1-cell holes in the class map)."
0x000309f0,terrain_classify_flat_309f0,"arg = threshold. For class-5 cells: range = max-min of the 5-cell cross; range < thr -> class 3, range == thr -> class 4. Then quads containing 3 and 5 but no 2 turn their 3s into 4."
0x00030c50,terrain_insert_transitions_30c50,For each 2x2 quad counts classes 0/5/3: 3+5 -> the 5s become 4; 3+0 -> the 3s become 4; 0+5 -> the non-zero cells become 4. Class 4 = transition between terrain classes.
0x00030e60,terrain_roughen_class1_30e60,lea pads; entry 0x30e60. Cells with (flags&7)==1 get height += rnd%9 (16-bit LCG DAT_0012dfb0 * 0x24a1 + 0x24df). 0 callers in export.
0x00030eb0,terrain_assign_textures_30eb0,"Texturing pass. Builds a 7x7x7x7 lookup of corner-class tuples (c0,c1,c2,c3) -> up to 12 textures (0x19-byte buckets, frame buffer DAT_0012ed74 used as scratch) from a 0x94-entry table of 4-byte class tuples, each in 8 rotations/flips (rotation codes 0x10..0x70); copies the first match per tuple to DAT_000b58b0 (2 bytes: texture, rotation). Then for every cell with texture 0 picks a random matching texture into 0xCDFB0 and ORs the rotation into the 0xFDFB0 high bits (texture 1 when no match)."
0x00031310,terrain_build_lightmap_31310,"Light map 0xEDFB0 = 0x20 - (h[x+1,y+1] - h[x-1,y-1]) (NW->SE slope shading); flat (== 0x20) gets rnd%9 + 0x1c; < 0x1c -> (v&3)+0x1c; > 0x28 -> (v&7)+0x28. Resets DAT_0012dfb0 = 0."
0x000313a0,terrain_generate_313a0,Fractal heightfield generator (called when no cached 64KB map loads).
0x00031430,terrain_carve_rivers_31430,"Round 6: comment corrected (port_reference2.md). args (river count, min source height). flags = 5 (land) / 0 (sea) from height != 0; for each river up to 999 random candidate cells (the 1000-try counter at 0x31461 is reset per river; running out ends the whole pass), source needs height > min and class != 0, then terrain_trace_river_314e0; finally the texture map 0xCDFB0 = 0xff."
0x000314e0,terrain_trace_river_314e0,"Uses 0xCDFB0 as visited map (3 = unvisited, 0 = visited): from the start cell repeatedly moves to the lowest unvisited of the 8 neighbours, lowering the heightmap to the running minimum, until a sea cell (flag 0) or a dead end (0xff); all visited cells get class 0 (water)."
0x00031650,terrain_mark_lowland_31650,"args (max_height, max_range): copies flags into 0xCDFB0 as scratch; cells whose 9-cell max < max_height, (max-min) <= max_range and class != 0 become class 5."
0x00031800,terrain_mark_interior_31800,"args (max_height, max_range): a class-5 cell whose 9-cell max < max_height, (max-min) <= max_range and whose 8 neighbours are all class 5 or 2 becomes class 2 (interior of smooth lowland)."
0x00031ad0,terrain_mark_steep_31ad0,"arg min_range: non-water cells whose 5-cell cross height range >= arg become class 6; then a class-6 cell whose 8 neighbours mix classes (3/2/5, or any 4 present) becomes class 1."
0x00031e50,terrain_flatten_water_quads_31e50,Repeat until stable: every 2x2 quad whose 4 cells are class 0 (water) with unequal heights is set to its minimum height.
0x00031f90,terrain_slope_orientation_31f90,"For the quad (cell, x+1, x+1/y+1, y+1): highest corner index (0..3) and second highest; DAT_00093fc4 = (max-min < 9) nearly-flat flag; if the second is within 8 of the highest returns edge code 4..7 (pairs 0-1,1-2,2-3,3-0) else the corner index. Selects rotated slope textures in terrain_paint_cell_32150."
0x00032150,terrain_paint_cell_32150,"Paints cell (arg5) by kind (arg6): kind < 8 -> flag class = kind and terrain_retexture_rect_324e0; 8/9 -> texture 8/9; 0xf -> texture 0xb; 0xa..0xe -> slope texture 0x94298[(orient + 0/0x10/0x20/0x30/0x40 (+8 if nearly flat))*2]; 0x10..0x16 -> tables 0x94218/58/68/78/28/38/48 by orientation (0x12/0x13 add the (x+y)&1 checker bit; 0x10 skips textures 10-12). Table entries {texture, rotation}; writes 0xCDFB0 and 0xFDFB0 = rot | (flags & 0x8f); then sets flag 0x80 (built) on the cell and clears water bit 8 on the quad. Callers explosion scorch 238b0, castle stamp 26320, castle build 26680/26f10."
0x00032430,terrain_set_quad_texture_32430,"Sets texture arg2 on the 4 cells (x,y),(x-1,y),(x-1,y-1),(x,y-1), then recomputes the light map (0x20 - slope, clamped) and clears the water bit for the 3x3 around. Callers raise effects 24eb0/24fc0/250b0."
0x000324e0,terrain_retexture_rect_324e0,"args ((x0,y0) packed, (x1,y1) packed): marks cells of the rect (+1 ring) lacking flag 0x80 with texture 1, gives each marked cell the texture from DAT_000b58b0[corner-class tuple] (random rotation rnd%7<<4 when texture < 8, else the table rotation), recomputes the light map and clears water bits over rect+1. Callers 251e0, 26320, 26680, 32150, terrain_modify_cell_3d620, 3d7ce."
0x00032760,terrain_retexture_rect_force_32760,"Same as terrain_retexture_rect_324e0 but marks every cell of the rect (ignores the 0x80 built flag). Callers 26f10 castle raise, 27930, terrain_modify_cell_3d620."
0x000329c0,level_skip_number_329c0,"Called once by game_main_32a00 right after frontend_menu_loop_52070 returns (DAT_9e504 set) and before level_load_and_init_3d3b0: if g_cfg->level (cfg+0x11, u16) is exactly 8, 0x11, 0x1c, 0x21 or 0x27 it is incremented, so campaign level numbers 8 (Gillah), 17 (Jan Tabar), 28, 33 (Jahrrid) and 39 (Ar Zaljan) can never be started from the menu and play as the next number instead. The level files exist and are ordinary playable levels (lev00008.dat etc. are full 38812-byte records with Flyer1/Flyer2 players), so the skip is a campaign-ordering decision, not missing data."
0x00032a00,game_main_32a00,"Round 6: comment corrected (port_game.md). config_parse; data_load_all; outer loop while PlayerRec.quit == 0: fade, front end (frontend_menu_loop_52070 until DAT_0009e504; always 320x200), level_skip_number_329c0, loading screen, sound bank 0 + music bank 0; level_load_and_init_3d3b0; inner loop: music track = lcg16(level) % 3 + 1, game_tick_32f90 (the per-tick loop); (status & 6) == 4 -> level_restart_3d4e0 and again; status & 2 -> won (stats, Config.level + 1); else status 8. Shutdown when quit != 0."
0x00032db0,title_screen_show_32db0,Loads data/smatitle.dat; blits; loads smatitle.pal and fades in (32 steps); sets state+0x245=1
0x00032e40,palette_fade_out_and_load_32e40,"vga_palette_fade(NULL;16 steps) then clears state+0x245 and file_load_rnc(""data/palette.dat"")"
0x00032e80,game_tick_update_32e80,Simulation+present step called by game_tick_32f90: palette fx -> texture anims -> local input -> cmd processing (3a8b0) -> win check -> things x(1|4|16 by cfg+0x96) -> sound update -> 1fab0 -> debug overlay -> screenshot -> present (2f480)
0x00032f90,game_tick_32f90,"Round 6: comment corrected (port_game.md). The in-level tick loop: Config.fade_stage = 0, status = 0, then game_tick_update_32e80 back to back (no pacing, no vsync) while quit == 0 and !(status & 8)."
0x00033010,palette_effect_update_33010,State machine on cfg+0x17 (0/1: fade to black + load data/palette.dat via 32e40; 2: request fade-in; 3: run effect cfg+0x98: 1=fade-in 4 steps; 2=red tint; 3=red+blue; 4=blue; 5=darken -0x20; 6=brighten +0x30/+0x20/+0x20; 7=greyscale) into 0xB6B80 then vga_set_palette; skipped while state+0x219b!=0
0x00033480,video_alloc_buffers_33480,"mem_alloc_named_5ae80 '*SearchD' (string 0x96df0) and '*WScreen' (size by DAT_0012edae), then FUN_49de0 and FUN_101b0 (spiral-search ring tables). Callers game_main_32a00, data_load_all_334c0."
0x000334c0,data_load_all_334c0,"Round 6: comment corrected (port_render_reference.md). Loads all data files (resource list 0x96df0) then builds the 16x16x16 colour cube DAT_000acc18[r<<8|g<<4|b] = nearest palette index to (r*4+3, g*4+3, b*4+3) (black = entry 12)."
0x000335e0,game_shutdown_all_335e0,FUN_4bc80; game_shutdown_3ee70; file_free_resource_list_610c0; FUN_4b4d0. Called once at the end of game_main_32a00.
0x00033600,video_toggle_resolution_33600,"Round 6: comment extended (port_game.md). R key: fade out; free screen; DAT_0012edae 1<->8; g_frame2 (DAT_000adf70) reallocated (64000 / 0x4b000, ""*WScreen""); DAT_00093f74 = 0 (stereo_mode_leave_2ff10); mode 13h or 640x480; mouse reset + init (pointer recentred, range by mode); cursor sprite; Config.fade_stage = 0 restarts the fade-in."
0x00033750,config_parse_33750,Called first in game_main; returns -1 to abort. Command line / sndsetup / config parsing.
0x00034060,input_snapshot_34060,Snapshot mouse pos + last key; clear latch (34051 is a duplicate fragment)
0x00034090,input_changed_34090,Returns 1 once mouse x/y; buttons or last key differ from the snapshot (DAT_000b6e84/86/88); DAT_000adfa8 latch
0x00034120,timer_tick_isr_34120,int 8 tick stub: inc g_tick (DAT_0012eab4); retf. Installed as the far interrupt handler by the timer code (timer_isr_4ac03 chain); was listed at 0x3411a on 6 padding bytes
0x00034140,sound_initialise_34140,Initialise Sound: sets up HMI digital + MIDI drivers.
0x00034220,sound_timer_shutdown_34220,"If DAT_00094341: remove the HMI timer event, sound_shutdown_617e0, music_shutdown_61870; else if DAT_000987dc == 1 restore the PIT (3 x dos_outb) and the int 8 vector DAT_000b7ca0/a4 (dos_setvect); DAT_000987dc = 0. Caller game_main_32a00."
0x00034250,math_wrap_diff_34250,"(a, b, modulus): d = b - a wrapped into [-m/2, m/2] (angle/wrap difference). 0 callers in export."
0x00034280,terrain_set_pos_scratch_34280,"(x0,y0,x1,y1 cells): DAT_000adfc4 = (x0<<8, y0<<8); DAT_000adfc8 z = max(h(x0,y0), h(x1,y1)) << 5. 0 callers in export."
0x000342e0,level_build_wall_342e0,"(x0,y0,x1,y1 cells) via level_build_linked_feature_34c40 for Effect type 0x1c Wall: dx,dy = math_wrap_diff_34250(.., 0x100); swap endpoints so dx >= 0; n = max(|dx|,|dy|)/10 + 1 steps; each step: terrain_set_pos_scratch_34280 then thing_create_35690(DAT_000adfc4, 10, 0x1b) twice: state 0x1d with +0x1a = dx/n (x run, remainder on first step) and state 0x1b (dy<0) / 0x1c (dy>=0) with +0x1a = |dy|/n (y run); i.e. a staircase of wall-segment things between the two cells"
0x00034820,terrain_rect_height_range_34820,"(x, y, dy, dx): max - min of the heightmap at the 4 corners (x,y),(x+dx,y),(x+dx,y+dy),(x,y+dy). Caller FUN_1d420 (creature AI)."
0x000348b0,terrain_smooth_castle_border_348b0,"(.., w, h, size): terrain_smooth_cell_34a40 twice per cell over a w*2 x (size+1) strip and a (h*2+size*2) x (size+1) strip - smooths the terrain ring around a castle footprint. Callers effect_castle_build_update_26680, 26b50."
0x00034a00,terrain_smooth_rect_34a00,"(.., w, h): terrain_smooth_cell_34a40 over a w x h block. Caller effect_type51_s53_update_27930."
0x00034a40,terrain_smooth_cell_34a40,"cell arg: if land (flags&7, h != 0) and neither it nor its 3 quad neighbours (x-1,y-1),(x,y-1),(x-1,y) carry a castle texture (6..0x22), height = average of the 3x3 neighbours that are not castle-textured."
0x00034b40,terrain_height_avg_34b40,average of 4 heightmap corners of a rect (DAT_000ddfb0)
0x00034bb0,terrain_rect_min_height_34bb0,"lea pads; entry 0x34bb0. (x, y, w, h): minimum heightmap value along the rectangle perimeter (two horizontal edges over w, two vertical edges over h), starting from 0xfa. 0 callers in export."
0x00034c40,level_build_linked_feature_34c40,walk Parent chain to root then Child chain; apply LAB_342e0 (wall 0x1c) 34570 (path 0x1d) 346b0 (canyon 0x1f) 34760 (ridge 0x32)
0x00034d60,level_spawn_terrain_effects_34d60,rebuild pool; spawn level Effect records with DisId==-1; flag; run terrain effects
0x00034db0,terrain_generate_features_34db0,"Called after ""Generate features"": rivers / sources / snow / beach / rock texturing."
0x00034e00,level_spawn_effect_record_34e00,THING_INIT record -> pos (Xpos<<8 Ypos<<8 terrain height) -> tableB[class 10][Model].create; wall/path/canyon/ridge with SwiId!=0 -> level_build_linked_feature
0x00034ed7,level_spawn_effect_direct_34ed7,"Helper of level_spawn_effect_record_34e00 (directly after it): DAT_000adfc4 = (Xpos<<8, Ypos<<8), DAT_000adfc8 = terrain_height_at_10bc0, then calls the class-10 Table-B handler for Model directly (0x957ea + model*0xe, checked non-null) - no enabled check."
0x00034f40,level_flag_terrain_effects_34f40,level records class 10 model 0x1c-0x1d 0x1f 0x32 with DisId==-1 get SwiId=1
0x00034fa0,level_run_terrain_effects_34fa0,loop running update handlers of class-10 things of types 9..0xb 0x1b..0x20 0x2d(state 0x33) 0x32 0x33 until none remain; others marked deleted
0x00035080,thing_restore_health_35080,+0xc health = +8 max health
0x00035090,effect_wizard_init_35090,finalise Wizard(0x2d) placement: snap to cell; +0x1a=2 +0x80=(w*h)/16 from 6-byte castle-size table[+0x47] +0xc=0x1e +0x2c=2000 +0x1c|=2 z=height<<5
0x00035230,thing_set_mana_from_health_35230,+0x8c mana = maxhealth(+8)/2
0x00035240,thing_set_sprite_35240,+0x56=sprite id; +0x58 frame=0; +0x59 from sprite table (14-byte records at 0x97676); +0x4e..+0x55 half extents (bbox) from sprite table
0x000352d0,thing_set_sprite_small_352d0,thing_set_sprite_35240 then +0x50/+0x52 = sprite-table width/2 (0x9767e) and +0x54 = height/2 (0x97680): half-size collision box. Used by scenery constructors and smoke effects (11 callers).
0x00035340,thing_set_sprite_double_35340,"thing_set_sprite_35240 then doubles +0x50/+0x52/+0x54. Callers FUN_1949e, FUN_19550, projectile type-13 constructors 38360/383cc."
0x00035380,thing_set_sprite_halved_35380,thing_set_sprite_35240 then halves +0x50/+0x52/+0x54. Caller mana_ball_update_sprite_25e20.
0x000353d0,thing_set_extents_353d0,"(thing, xy, h): ext_x +0x50 = ext_y +0x52 = xy; ext_h +0x54 = h; 43 callers (all constructors; thing_set_castle_extents_353f0 is the castle variant)"
0x000353f0,thing_set_castle_extents_353f0,+0x4e=0xe000 +0x50/+0x52=(w*256+0x500)/2 +0x54=0x4000 from castle-size table
0x00035460,thing_pool_reset_35460,push all 1000 things onto free stack (index 1 popped first); state+0x7503=&DAT_b6e90 dummy player record
0x000354c0,models_initialise_354c0,"Called right after the ""Initialise Models"" progress string."
0x00035560,thing_alloc_35560,pop free-stack state+0x251[state+0x28]; fallback pops recyclable stack state+0x11f5[state+0x11f1] and frees that thing; memset 0xa4; defaults +8=300 +0x10=8 +0x7e=0x10 +0x2c=100 +0x18=own index +0x42/+0x43=0xff +0x44=10 +0x3a=0xfa +0x9c=&DAT_96a10 +0xa0=&DAT_b6e90 +4=index+rng
0x00035690,thing_create_35690,generic create: rec=tableB(class at [esp+8])+type([esp+0xc])*0xe; if rec.enabled && rec.model==type call rec.handler (76 callers)
0x000356e0,switch_activate_356e0,spawns level THING_INIT records (copy at state+0x2f945..0x385d3) whose DisId matches; counts creatures into state+0x38c9f
0x00035800,level_spawn_thing_record_35800,"THING_INIT record (u16 Class, Model, Xpos, Ypos, .., f6, f7, f8) -> if tableB[Class][Model].enabled (0x943de + class*0x12, +10): pos = cell centre (x*0x100+0x80) + terrain height, thing_create_35690. Class 10: Model 0x22 (Teleport) gets destination +0x96/+0x98 from f8/f7 cells, 0x2d -> effect_wizard_init_35090, 4 -> owner +0x18 = f6 + extents + restore health; class 11 (Switch): +0x18 = f6 (switch id), extents FUN_353d0, flag 1; class 12 (Spell): state += f6, if f6 > 2 state -= 3 with sprite 0x118 and flag 0x40000 (dropped spell pickup). Caller switch_activate_356e0."
0x000359b0,thing_free_count_359b0,returns state+0x28 + 1
0x00035ac0,player_create_flyer_35ac0,(agent gave 0x35abc; function starts at 0x35ac0) class 3 type 0 state 0 (entry 0x35ac0) flying wizard
0x00036200,thing_create_stub_36200,"Unused Table-B-style constructor: thing_alloc_35560 (args passed through) then thing_restore_health_35080 (+0xc = +8) on the new thing and returns 0 without setting class/type, linking the cell or returning the thing; first of five byte-identical copies at 0x36200/0x36220/0x36240/0x36260/0x36280 that fill the gap between the class-2 Table B (last entry scenery_create_2d_dome_36190) and the class-5 Table B (first entry creature_create_dragon_362d0). None of the five is referenced by any dispatch table (classtab) or call (carpet_calls.csv)."
0x000362d0,creature_create_dragon_362d0,needs 16 free slots; type 0 state 1 health 9000 sprite 0x13 + 16 segments (state 120 sprites 0x14..) linked via +0x34 parent/+0x36 child
0x00036610,creature_create_bee_36610,type 2 state 13 health 3000
0x00036750,creature_create_worm_36750,type 3 state 19 health 9000 sprite 0x59 + 16 segments
0x00036980,creature_create_archer_36980,(agent gave 0x3697e; function starts at 0x36980) type 4 state 25 health 1000 (entry 0x36980)
0x00036ac0,crab_update_mana_sprite_36ac0,"Crab (caller creature_crab_s33_1ac80): level = clamp(+0x8c / (+0x88/8), 0, 7); if level > current sprite - 0xb9 add 5000 to max health; thing_set_sprite (0xb9 + level) - the crab grows as it eats mana."
0x00036b30,creature_create_crab_36b30,type 5 state 31 health 5000
0x00036c80,creature_create_kraken_36c80,type 6 state 37 with segments
0x00036ea0,creature_troll_init_variant_36ea0,"Troll constructor helper: even tick counter (+0x3f) -> sprite A, +0x47 = 2, max health 2000; odd -> sprite B, +0x47 = 1, max health 4000; thing_set_mana_from_health; health = max. Caller creature_create_troll_36f00."
0x00036f00,creature_create_troll_36f00,type 7 state 43
0x00037000,creature_create_griffon_37000,type 8 state 49 health 10000
0x00037110,creature_create_skeleton_37110,(agent gave 0x3710c; function starts at 0x37110) type 9 state 54 health 1000 (entry 0x37110)
0x00037260,creature_create_emu_37260,type 10 state 61 health 2000
0x00037370,creature_create_genie_37370,type 11 state 66 health 20000
0x000375e0,creature_create_townie_375e0,type 13 state 79 health 1000
0x00037980,creature_create_wyvern_37980,(agent gave 0x3797c; function starts at 0x37980) type 16 state 97 health 100000 (entry 0x37980)
0x000383d0,projectile_create_type13_long_383d0,"Standalone constructor with its own thing_alloc (0 callers in export): class 9 type 0xd state 0xd, speed 0x180, life 0x1e00/speed (longer than the table version at 38360), flag 8 cleared, thing_set_sprite_double_35340."
0x00038810,effect_create_type2_38810,class 10 type 2 state 2 health 8 flags |0x20001
0x000389d0,effect_create_fire_389d0,type 6 state 6 health 0xf0
0x00038a70,effect_create_type7_38a70,type 7 state 7 health 12
0x00038b10,effect_create_mini_volcano_38b10,(agent gave 0x38b0e; function starts at 0x38b10) type 8 (entry 0x38b10)
0x00038d40,effect_create_white_smoke_38d40,type 13 health rnd%0x17+0x11
0x00038de0,effect_create_black_smoke_38de0,type 14 health rnd%0x21+0x1c
0x00038e80,effect_create_earthquake_38e80,type 15 health 0x80
0x00038f60,effect_create_lava_blob_38f60,Round 5: was effect_create_type16_38f60; class 10 type 0x10: lava blob. type 16 health rnd%100+100
0x00039050,effect_create_eruption_39050,Round 5: was effect_create_type18_39050; class 10 type 0x12: erupting crater. type 18 health 10000
0x000391a0,effect_create_steal_mana_391a0,(agent gave 0x3919c; function starts at 0x391a0) type 25 (entry 0x391a0)
0x00039360,effect_create_path_piece_39360,Round 5: was effect_create_type30_39360; class 10 type 0x1e: path piece (state 0x20). type 0x1e -> state 0x20
0x000393c0,effect_create_path_393c0,type 0x1d Path -> state 0x1f
0x00039420,effect_create_canyon_digger_39420,Round 5: was effect_create_type32_39420; class 10 type 0x20: canyon digger (state 0x22). type 0x20 -> state 0x22
0x00039470,effect_create_canyon_39470,type 0x1f Canyon -> state 0x21
0x000395a0,effect_create_teleport_395a0,type 0x22 Teleport -> state 0x24
0x00039770,effect_create_type33_39770,type 0x21 -> state 0x23
0x000397c0,effect_create_type37_397c0,"Standalone constructor with its own thing_alloc (0 callers in export, absent from the generated table names): class 10 type 0x25 -> state 0x27, life 8, pos from the arg pointer, damage +0x2c = 64000, flag 8 cleared, thing_set_sprite + FUN_353d0 extents."
0x00039dc0,switch_create_common_39dc0,"(pos ptr, type, state): thing_alloc_35560; class 0xb Switch, +0x41 = type, +0x46 = state, flags = (flags & ~9) | 1, +0x1a = 0, position (x,y,z) copied from pos; thing_restore_health. Called by all 32 switch constructors 0x39e10..0x3a1f0 (which are 18-byte stubs)."
0x0003a210,spell_create_generic_3a210,(pos spellid state totalMana levels flagA flagB cost dmg): class 12 +0x41=spell +0x46=state(spell*3) +0x32=levels +0x88=total +0x8c=total/levels +0x84=cost +0x2c=dmg
0x0003a2e0,spell_create_possession_3a2e0,spell 3 state 9 mana 0x32 levels 3
0x0003a330,spell_create_fireball_3a330,spell 0 state 0 mana 200 levels 5 dmg 0x7d
0x0003a360,spell_create_speedup_3a360,"Round 5: was spell_create_spell2_3a360; spell 2 is speed-up (spell_speedup_update_47420), not Alliance (port_ai_wizard.md). spell 2 (level.py ""Alliance""; its handler is a speed boost) state 6 mana 1000 levels 0xfb"
0x0003a390,spell_create_heal_3a390,spell 1 state 3 mana 1000 levels 0x15
0x0003a3c0,spell_create_teleport_3a3c0,spell 10
0x0003a3f0,spell_create_earthquake_3a3f0,spell 6
0x0003a420,spell_create_mana_magnet_3a420,spell 19
0x0003a450,spell_create_shield_3a450,spell 4 (table B idx 4)
0x0003a480,spell_create_meteor_3a480,spell 7
0x0003a4b0,spell_create_rebound_3a4b0,spell 14
0x0003a4e0,spell_create_lightning_3a4e0,spell 15
0x0003a510,spell_create_rubber_band_3a510,spell 11
0x0003a540,spell_create_steal_mana_3a540,spell 13
0x0003a570,spell_create_invisible_3a570,spell 12
0x0003a5a0,spell_create_crater_3a5a0,spell 9
0x0003a5d0,spell_create_beyond_sight_3a5d0,spell 5
0x0003a600,spell_create_thunderbolt_3a600,spell 18
0x0003a630,spell_create_volcano_3a630,spell 8
0x0003a660,spell_create_skeleton_3a660,spell 17
0x0003a690,spell_create_fire_wall_3a690,spell 20
0x0003a6c0,spell_create_reverse_speed_3a6c0,spell 21
0x0003a6f0,spell_create_smart_bomb_3a6f0,spell 22
0x0003a720,spell_create_mini_fireball_3a720,spell 23
0x0003a8b0,player_commands_process_3a8b0,NOT renderer: per-tick processing of the per-player 10-byte command records at state+0x7413 (join/name 1
0x0003bb50,player_set_input_mode_3bb50,"Round 5: was chat_message_show_3bb50; sets PlayerRec+0x44a (input mode), pointer sprite +6 for the book, input_mouse_center otherwise; also runs the CD check (port_player.md, port_input.md). Sets player+0x44a"
0x0003bbd0,player_cd_check_quit_3bbd0,"CD-ROM copy-protection probe, run from player_commands_process_3a8b0 on commands 2/0x18/0x19/0x1b/0x1e and from chat_message_show_3bb50: every 8th tick (cfg+4 tick counter & 7 == 0) when (g_cfg->debug_bits & 3) == 1 (bit0 is set unconditionally on entry to ui_draw_debug_overlay_4ad80, bit1 only when cfg->password == 0xF851B9, i.e. no debug password active) it calls dos_is_cdrom_drive_10010 (int 21h AH=36h cluster signature) and if the current drive is not a CD sets the local player's quit flag PlayerRec+4 (state+0x340f+p*0x801) = 2, which ends the level loop in game_main_32a00 (value 1 is the normal quit-to-DOS set by fe_check_shift_q_quit_52980 / the confirm dialog / command 2 and 0x1a)."
0x0003bc10,players_init_records_3bc10,Initialises the 8 per-player 0x801-byte records (copies template; sets packet cmd=1; index; flags; 0x20)
0x0003bf60,players_clear_records_3bf60,"Zeroes the 8 x 10-byte command packets at state+0x7413 and the 8 x 0x801 player records at state+0x340b, preserving the dword at record+0x18 (= +0x3423, the config/cheat value). 0 callers in export."
0x0003bfc0,level_load_levels_dat_3bfc0,"(level < 1000, dest): sprintf two names, open the index file (2 path attempts), read 4000 bytes of u32 offsets into DAT_000adf68; entry[level]..entry[level+1] -> lseek, read, rnc_unpack_61ab0 into DAT_000adf68, copy 0x979c bytes to dest, zero the buffer; prints 'ERROR decompressing levels.dat'. Returns 1 / 0. Callers level_load_and_init_3d3b0, level_finish_3d4e0."
0x0003c150,level_save_file_3c150,"(level n, buf): sprintf(path, format %s/lev%05d.dat at 0x908d4, string levels at 0x90850, n); file_save_61db0(path, buf, 0x979c) == 0x979c (38812 bytes = the MC1 level file size, footer at 0x9790); dead level-editor leftover, no callers"
0x0003c200,demo_load_state_3c200,file_load_rnc movie/gam%05d.dat over the 0x38D03-byte game-state block preserving option bytes state+0x2195..0x21b8; rebuilds thing lists (354c0)
0x0003c2c0,demo_save_state_3c2c0,file_save(movie/gam%05d.dat; state; 0x38D03)
0x0003c310,demo_state_file_exists_3c310,sprintf movie/gam%05d-style name (string 0x908f4 'movie') open/close -> 1 if present else 0; used by demo_load_state
0x0003c360,demo_load_terrain_3c360,Reads the same blocks back
0x0003c430,demo_save_terrain_3c430,Writes heightmap 0xCDFB0 (64K) + 3x64K + 128K + 0x12C2 bytes at 0xB58B0
0x0003c4f0,demo_terrain_file_exists_3c4f0,same for the terrain dump name; used by demo_load_terrain
0x0003c540,demo_record_playback_step_3c540,cfg bit2 = record: open movie/mvi%05d.dat (cfg+0x12 handle); save state (gam%05d.dat via 3c2c0) + terrain (3c430); then file_write 10-byte packet per tick. cfg bit4 = playback: load state (3c200) + terrain (3c360); file_read 10 bytes per tick; stops on packet cmd 2; short read or any input and sets player status 8
0x0003c7c0,demo_close_3c7c0,Closes cfg+0x12 and clears cfg bits 2|4
0x0003c7f0,file_access_3c7f0,"crt_access_61e68(path, 0) passthrough (0 = file exists); from init_early_3c800"
0x0003c800,init_early_3c800,Called three times at the start of main().
0x0003ca00,debug_screenshot_3ca00,"Finds first free file name (<10000); allocs 400000 bytes; writes Bullfrog ""mhwanh"" header (big-endian w/h from DAT_0012ed70/78; 0x100 palette entries); 6-bit palette <<2; then raw screen DAT_0012ed74; triggered by DAT_00094338"
0x0003cbe0,file_load_rnc_3cbe0,"Loads a file into a buffer and RNC-decompresses (""ERROR decompressing %s"")."
0x0003cc60,file_missing_3cc60,True if open fails
0x0003cc80,file_exists_3cc80,"crt_access_61e68(path, 0) == 0 as bool; from file_copy_3cca0"
0x0003cca0,file_copy_3cca0,Copies a file (CD -> HD) using read/write through the back buffer
0x0003cf20,cd_check_files_3cf20,Checks/copies CD files and prints progress with the text-mode console routines
0x0003d070,mouse_reset_3d070,int 33h AX=0; DAT_0009e5e4=0
0x0003d0a0,main_3d0a0,C main(): three init calls then game_main.
0x0003d100,dbg_dump_mem_blocks_3d100,"mem_alloc 5000 then walks the block list at 0x130120 printing 's%7.7d,u%01d' (size used) per block via sprintf/printf; then dos_free_all_dos_memory; 0 callers (debug)"
0x0003d160,level_load_file_3d160,"Round 6: comment extended (port_game.md, port_reference2.md). Under ""Load Level"": reads levels/levels.tab + levels.dat (or lev%05d.dat) and RNC-decompresses into GameState+0x2f503; also clears GameState+0x244, Config +0x17, +0x5d[0x10], +0x96 (substeps), +0x98, +0xb8[0xe], +0x8e1a[4], the per-tick list heads, flags 0x4000 / 0x8000 and the pause bit."
0x0003d3b0,level_load_and_init_3d3b0,"Top-level ""load level"": load file -> generate map -> generate features -> initialise models."
0x0003d4e0,level_restart_3d4e0,"Round 6: was level_finish_3d4e0; level restart (castle lost and wizard dead / Shift+R / command 0x1c): regenerates Config.level in place like level_load_and_init_3d3b0 (no progress messages, player_count unconditional); game_main_32a00 calls it when (status & 6) == 4 after game_tick_32f90 returns, then sets status 4 (port_game.md). The old comment 'level-complete state' was wrong."
0x0003d5e0,ret_false_3d5e0,xor al al; ret
0x0003d5f0,terrain_cell_is_nonland_3d5f0,"(packed cell [esp+4]) returns 1 when g_map_flags[cell] & 7 (the generator's terrain class: 0 water, 1 cliff edge, 2 interior lowland, 3 flat land, 4 transition, 5 default land, 6 steep) is not 2, 3 or 5, i.e. the cell is not a land class, else 0. terrain_set_cell_height_3d7d0 and terrain_modify_cell_3d620 call it on the 8 neighbours of a cell being lowered to height 0: all neighbours non-land -> the cell's low nibble is cleared (water), otherwise class := 1 (cliff edge)."
0x0003d620,terrain_modify_cell_3d620,raise/lower heightmap cell by delta (clamped 0..200); update flag map DAT_000fdfb0; redraw via FUN_32760/FUN_324e0
0x0003d7d0,terrain_set_cell_height_3d7d0,starts on 2-byte pad (real entry 0x3d7d0): (x y h) clamp h 0..255; refuse when cell flag 0x80 (castle footprint); DAT_ddfb0[cell]=h; h==0: if all 8 neighbours pass terrain_cell_flag_check_3d5f0 clear low nibble of DAT_fdfb0 else flag=(flag&0xf8)|1; FUN_324e0 redraw; returns 1 only when clamped at (0 0) (odd artifact)
0x0003d940,terrain_find_cell_spiral_3d940,spiral over cells until terrain_modify_cell_3d620 predicate succeeds
0x0003da00,nop_3da00,empty function
0x0003da30,cell_kill_things_3da30,for things in a cell: scenery -> mark delete; creatures (not Wyvern/Kraken/Griffon) -> health=-1 and +0x26/+0x28=killer idx
0x0003daef,dbg_draw_config_menu_text_3daef,starts on 5 zero pad bytes (real entry 0x3daf0): ui_draw_text('Config menu.. 0123456789' at 2 2) with a video-mode (DAT_12edae bit0) check; 0 callers
0x0003db20,game_check_level_won_3db20,"Round 6: comment corrected (port_reference2.md, port_game.md). Returns at once when Config.flags & 0x110 (network 0x10, front end skipped / -roll 0x100) - attract-mode movies (flags 0x24) do check. Per player with castle: if (castle mana + rec+0x134)*100/total > state+0x38c93, win_timer++, else 0; at 0x10 (17th consecutive tick) status |= 2."
0x0003dc10,demo_relink_state_pointers_3dc10,Round 6: comment extended (port_reference2.md). After loading a saved game state: thing[rec+0x3415]+0xa0 = playerrec+0x44f for each player; every live thing's descriptor pointer +0x9c rebased to DAT_96af0 relative to player 0's descriptor - a snapshot taken before player 0's Thing exists cannot be played back.
0x0003dce0,thing_update_all_3dce0,per tick: free things flagged 0x400; rebuild per-class linked lists at cfg+0x8e1e..; creature sounds; hit bookkeeping; mana totals; then for every live thing call tableA[class][state].handler and ++thing->counter(+0x3f)
0x0003e030,thing_free_all_3e030,frees every thing with class!=0
0x0003e080,player_log_position_3e080,"(PlayerRec rec [esp+0x10], Thing t [esp+0x14]) called by player_commands_process_3a8b0 for every player after its command packet when not paused (cfg->paused bit0 clear): writes the 14-byte entry [rec+0x10 - 1] of the 32-entry array at rec+0x24a as {+0 x +0x48, +2 y +0x4a, +4 z +0x4c (after a terrain_height_at_10bc0 call whose result is discarded), +6 yaw +0x1e, +8 cfg->level_mana * (P+0x16 / 16) + (P+0x149) / 2 - (P+0x16) / 8, +0xa P+0x147, +0xc rec+0x248} where P = t->player (+0xa0) = rec+0x44f; always returns 1. players_init_records_3bc10 sets rec+0x10 = 0x20, rec+0xe = 0x1f, rec+0x248 = 0x80 and fills all 32 entries from rec+0x23c..0x249, so this writes the last entry; no other reader of the array was found."
0x0003e1d0,thing_move_to_3e1d0,if same cell just copy pos else unlink+link (returns 1 if cell changed)
0x0003e220,thing_relink_cell_3e220,unlink then link
0x0003e250,thing_link_cell_3e250,copy pos (x y z u16) into +0x48..+0x4d; insert at head of cell list for (x>>8 y>>8); set flag 4
0x0003e330,thing_unlink_cell_3e330,remove from per-cell doubly linked list (DAT_0010dfb0[celly*256+cellx] head; +0x14 next idx; +0x16 prev idx); clears flag 4
0x0003e3e0,thing_mark_delete_3e3e0,sets flag byte +0x11 |= 4 (u32 flag 0x400); freed at start of next thing_update_all (83 callers)
0x0003e3f0,thing_free_3e3f0,unlink from cell list; class=0; push onto free stack state+0x251
0x0003e420,math_rotate_offset_3e420,v[0] += sin(a)*d>>16; v[1] -= cos(a)*d>>16; with pitch p: v[2] -= sin(p)*d>>16 and d*=cos(p). Sin table 0x987ec
0x0003e4b0,terrain_slope_vector_3e4b0,(pos out[2]) from the 4 corner heights of the cell: out[0] = h00-h10-h11+h01 (x slope) out[1] = h00+h10-h11-h01 (y slope); used by mana balls / effects to roll downhill
0x0003e560,pos_follow_ground_3e560,adjust z toward ground+clearance with speed limit; returns 1 if changed
0x0003e5f0,pos_sink_or_follow_ground_3e5f0,(pos ... ) water cell (terrain_cell_flag_bit bit0) and arg==0 -> floor = -0x300; move pos z (+4) toward ground+clearance by speed (25% when near); returns 1 moved 0 none -1 when z reached -0x300 (sunk); used by spell_dropped_update
0x0003e6b0,pos_angle_to_3e6b0,atan2 yaw from pos a to b
0x0003e6e0,pos_pitch_to_3e6e0,pitch angle from dz and horizontal distance
0x0003e710,pos_pitch_from_dz_3e710,"(z0 [esp+4], z1 [esp+8], i16 dist [esp+0xc]) -> math_atan2_4cc33((i16)(z1 - z0), dist) giving a pitch angle 0..0x7ff; stack-argument twin of pos_pitch_to_3e6e0 (which takes two things, computes dist with pos_dist_xy_3e930 and passes it negated); no callers, dead code."
0x0003e730,pos_dist_manhattan_3e730,starts on 2-byte pad (real entry 0x3e730): |dx|+|dy|+|dz| of two pos
0x0003e770,angle_diff_3e770,|a-b| mod 0x800 folded to 0..0x400
0x0003e7a0,angle_turn_dir_3e7a0,sign (+1/-1) of shortest turn from a to b
0x0003e800,angle_turn_step_3e800,min(|diff| maxTurn)*dir
0x0003e860,pos_dist_chebyshev_xy_3e860,max(|dx| |dy|) of two pos (used by 12bd0)
0x0003e8a0,pos_dist_xyz_3e8a0,sqrt(dx2+dy2+dz2)
0x0003e8f0,pos_dist_sq_xyz_3e8f0,dx^2+dy^2+dz^2 (16-bit deltas)
0x0003e930,pos_dist_xy_3e930,sqrt(dx*dx+dy*dy)
0x0003e970,pos_dist_sq_xy_3e970,dx*dx+dy*dy of two pos
0x0003e9a0,thing_find_in_sight_of_class_3e9a0,(thing class) scan pool for a live thing of that class with a different owner (+0x18) not dead (flag 0x20) within descriptor sight radius (+0x9c+0x1c) (returns the last match)
0x0003ea50,thing_set_state_3ea50,+0x46 = new state (dispatch index)
0x0003ea70,thing_anim_advance_3ea70,if frame(+0x58) < frames(+0x59) ++frame return 0 else nonzero
0x0003eaa0,tables_load_or_generate_3eaa0,Loads data/tables.dat or regenerates it (blend tables
0x0003ed30,text_split_lines_3ed30,Builds a pointer table of N NUL-separated strings (used for data/ftext.dat in movie mode)
0x0003ed60,video_input_init_3ed60,"Once (DAT_00094380): set video mode (by DAT_0012edae); mouse_init (prints ""ERROR : MOUSE DRIVER NOT FOUND.""); cursor sprite; install keyboard ISR (4fb46) unless cfg&8"
0x0003ee70,game_shutdown_3ee70,Restore keyboard vector (4fb85); 5afa0; 4efc0; timer_isr_remove
0x0003ef10,player_compute_level_stats_3ef10,end-of-level statistics for the local player: P+0x37c[24] = spell found flags (P+0x2a4[id]!=0); P+0x16b = % of level spells (state+0x38ca3[24]!=0) collected; P+0x167 = kills*100/state+0x38c9f (creature count); P+0x16f = hits(P+0x15b)*100/shots(P+0x157); P+0x173 = (castle mana + P+0x134)*100/cfg+0xbc world mana; P+0x177 = average of the applicable percentages; P+0x17b = elapsed ticks (DAT_12eab4 - start); called from game_main
0x0003f210,player_set_palette_effect_3f210,(thing effectId) if the thing's owner is the local player cfg+0x98 = effect (palette_effect_update_33010: red tint on hit etc.)
0x0003f240,player_note_fire_distance_3f240,(fire effect thing) P(local player)+0x18c = min(dist to fire); called by effect_fire_update_23c20; player_flyer_move plays the fire sound when < 0x600 and resets to 0x800
0x0003f2c0,player_note_ridge_distance_3f2c0,(ridge node thing) P(local)+0x190 = min dist; called by effect_ridge_node_s52_update_27710; same proximity-sound mechanism (+0x190)
0x0003f360,player_spawn_3f360,(playerrec) (re)spawn a player at level start/respawn: thing_rebuild_lists; start pos = state+0x23d9+p*6 (or own castle pos); create class 3 type 0 flyer if none else reset state (+0x46 = rec+9==1); thing+0xa0 = rec+0x44f; P+0x30 = player no; P+0x14b=100 P+0x15f=2000; create the 24 spell things from P+0x214 templates (negative = none; sealed spells P+0x394[id] get sprite 0x118 and flag 0x40000); per-player flyer sprite 0x2c/0x111..0x117; first spawn: castle pos from state+0x385d7+p*0xd8 (+0x20a/c/e) and if state+0x38c97[p] (castle level) create class 3 type 2 castle + one build effect (FUN_26320) per level then castle_set_level_stats; health 10000 mana 1000 (1000000 each when rec+0x18==&DAT_ae89e - special/debug record?); threat table P+0x1cc = 0x9fdf vs other flyers; type-1 players get P+0x1cc[8]=0x601f P+0x2f4=p*4; P+0x18c/+0x190 = 0x800; cfg+0x96=0 for local player
0x0003fa40,player_terrain_collide_3fa40,(player thing; target pos in DAT_adfc4) terrain type mask 0x100 (impassable) at target: retry with two deflected headings via angle_diff/rotate_offset; returns 0 when all blocked; clamps target z to ground + descriptor clearance (+0x9c+0xc)
0x0003fbf0,ret_stub_3fbf0,1-byte ret
0x0003fc00,player_flyer_move_3fc00,per-tick flight for class 3 state 0 (called from player_type0_s0_update_402c0 and 405f0): yaw += P+0x147/8 (P+0x147/+0x149 += steer P+4/+6); speed +0x7e -> P+0xc by 0x10; pitch from height over terrain vs descriptor clearance (+0x9c+10) clamped +-0x100 -> P+0x1c camera pitch; move by yaw/pitch (3e420) + knockback P+0x16 along P+0x18/+0x1a (decays 4/tick) + pending displacement P+0x198/19a/19c; rubber-band tether to P+0x13a (released when dist>0x13ff or target dead or P+0x13c==1000); terrain collide (3fa40) then thing_move_to; flying sound (water cell type 1 -> other sound); fire/ridge proximity sounds when P+0x18c / P+0x190 < 0x600; local player: P+0x2e countdown and FUN_1f800; random ambient sound every 64 ticks with 1/11 chance
0x00040240,player_rebuild_spell_index_40240,(player thing) zero P+0x2a4[24] then for each slot P+0x214[i] != 0: P+0x2a4[spell id (+0x41) of that thing] = slot thing idx (lookup spell -> thing by id)
0x000405f0,player_dying_update_405f0,class 3 state 2: fall with +0x2e z-velocity (gravity -2); on ground: credit kill to +0x26 killer; death message (playerrec+0x3427+n*0x44 timer +0x3467=100); drop spells (rec+0x214[24] -> state+1 scattered); spawn mana balloon; flag 0x20
0x000409e0,player_look_at_killer_409e0,(dead player thing) turn yaw/pitch toward killer thing +0x26; pitch then zeroed; P+0x149 = pitch P+0x147 = 0 (spectator camera while dead; from player_type3_s3_update_40ab0)
0x00040b50,player_set_combat_music_timer_40b50,"(thing) if the thing has a player record (+0xa0): P+0x2e = 100. player_flyer_move_3fc00 decrements P+0x2e every tick for the local player and passes mood 2 (combat) to music_update_1f800 while it is > 0, mood 1 (calm) otherwise, so this starts 100 ticks of combat music. Called by player_apply_hits_40b70 (3 sites, when the player is hit) and by projectile_pick_target_45f00 when a projectile locks onto a class 3 type 0 (human) player; zeroed in player_spawn_3f360"
0x00040b70,player_apply_hits_40b70,(player thing) returns 2 dead / 1 hit / 0: +0x76 pusher != 0 -> rubber band attach: pusher's P+0x13a = self idx P+0x13c = 200 P+0x13e = dist clamped 0x400..0xc00; hit flash P+0x188=4 P+0x17f=0x10; +0x70 != 0 -> steal-mana transfer of +0x6c to thing[+0x70] (class 3) and own +0x8c -= +0x6c; +0x5e pending damage: flag 0x4000 (shield) quarters +0x5a and charges the quarter to +0x8c; health -= +0x5a; knockback P+0x18/+0x1a = angle/pitch to attacker P+0x16 = dmg/10 (0..0x50); palette flash (3f210); sound; dead -> +0x26 = attacker
0x00040e70,player_apply_controls_40e70,(player thing) P+0 input bits: 1/2 accelerate/decelerate P+0xc by 0x10 (clamp +-0x50 P+0xe=1); 4/8 turn P+0x10 by 0x10 else decay by 4 toward 0 (clamp +-0x50); then player_cast_spell_410f0 twice (left/right hand)
0x000410f0,player_cast_spell_410f0,(player thing; spell thing; hand flag 0x100/0x200; input bit) if input bit set: spell 2 and 0x15 cancel each other (P+0x2a8/P+0x2ce spell +0x30=0); spell 0x10 castle busy (+0x30!=0) -> sound and return; need +0x8c >= spell +0x88; multi-shot spells (+0x3e) count +0x3d bursts; +0x30 = +0x32 starts casting; sets hand flag clears 0x20; without input bit only continue if +0x3d pending
0x00041290,castle_find_free_mana_ball_41290,(castle excludeA excludeB) nearest (pos_dist_sq_xyz_3e8f0) mana ball (type 0x27) owned by the castle owner that is not A or B; used by the balloon dispatcher
0x00041310,castle_spell_reset_charge_41310,(castle thing; mode) owner's Castle spell thing (P+0x2c4): mode 0 -> +0x30 = 0 else +0x30 = +0x32 - 1 (re-arm after use)
0x00041610,castle_spawn_build_effect_2a_41610,(castle) create class 10 type 0x2a effect with +0x47 = castle level +0x18 owner +0x2a = castle; castle +0x30 = 4 (build sequencer step)
0x00041670,castle_spawn_build_effect_29_41670,(castle) create class 10 type 0x29 effect with +0x47 = level +0x18 owner +0x2a = castle; castle +0x30 = 6
0x000416d0,castle_destroyed_update_416d0,"Round 5: was player_respawn_start_416d0; class 3 state 6: destroyed castle, not a respawn. class 3 state 6 -> state 4 (+0x30=0 +0x32=5)"
0x00041720,castle_spill_mana_41720,(castle) excess = +0x8c + P+0x134 - +0x88 capacity (all of +0x8c when level +0x1a == 0): spawn up to 32 class 10 type 0x27 mana balls (rebuilding the pool if full) each carrying excess/n mana +0x90 = owner random speed 0x10..0x3f upward +0x2e random heading; subtract from castle
0x000419a0,castle_manage_balloons_and_guards_419a0,(castle thing) by castle level +0x1a: balloons = 0 1 1 1 2 2 3 3 and guards = 0 0 0 4 6 14 18 34 for levels 0..7; balloon slots P+0x34[3] (class 3 state 9 things; sprite += player no; +0x90 owner); dead balloon -> FUN_25fe0 + delete; when castle mana (+0x8c) + P+0x134 < capacity (+0x88) a balloon with +0x8c<+0x88 is sent to the nearest free mana ball (castle_find_free_mana_ball_41290) else back to the castle; P+0x126/+0x122 += balloon mana/total; guard slots P+0x54[34] hold class 5 type 15 creatures (castle archers) spawned one per 16 ticks (+0x2e cooldown) at castle pos +(0x80 0x280) yaw 0x200; slots cleared when the guard dies/changes class
0x00041f00,castle_begin_build_stage_41f00,(castle) create class 10 type 42 castle-build effect (39a50): sound; clear flag 0x40; level +0x1a++; state 5 +0x30 = 4; set extents + castle_set_level_stats; owner P+0x32 = castle idx P+0x1a0 = level; effect +0x2a = castle +0x47 = level flag 0x100
0x00042000,castle_build_seq_set_done_42000,"(castle thing) i16 +0x30 = 2. In the castle state-5 build/upgrade sequencer (player_flyer2_s5_update_41500) step 2 means build finished -> state 4 (active castle); counterpart of castle_begin_build_stage_41f00 (+0x30 = 4 wait) and the build effects (3 -> 4, 5 -> 6). No callers in the export (dead helper), reached by no table"
0x00042010,castle_collapse_level_42010,"(castle thing) called from player_respawn_start_416d0 (class 3 state 6 destroyed castle). If level +0x1a > 0: capacity +0x88 is lowered by 10% so castle_spill_mana_41720 spills that 10% as class 10 type 0x27 mana balls, then restored; sound 0x1e; scratch Thing things[0] (state+0x7463) gets the castle pos +0x96..+0x9a, castle_size +0x47 = level, owner +0x18, type 0, aux 0, caster = castle index and effect_type51_s53_update_27930 is run on it (collapse effect); level -1; thing_set_castle_extents_353f0 + castle_set_level_stats_42200 + castle_spell_reset_charge_41310. If level is now 0: reset charge again, owner P+0x32 (castle thing idx) = 0 and thing_mark_delete_3e3e0"
0x00042170,castle_apply_level_stats_42170,(castle spellthing health mana) +8 = health keeping current damage (health<0: +0xc = health - min(-old health/2)); spellthing +0x88 = mana +0x8c = mana/+0x32; castle +0x88 = mana
0x00042200,castle_set_level_stats_42200,(castle; castle spell thing) switch on level +0x1a -> castle_apply_level_stats_42170(castle spellthing health mana): L0 0/5000 L1 20000/10000 L2 40000/20000 L3 40000/40000 L4 60000/80000 L5 60000/160000 L6 80000/320000 L7 80000/30000000
0x00042370,castle_spell_set_capacity_42370,(castle) if owner flyer alive (state 0/1) and owner has the Castle spell (P+0x2c4 = spell 16 thing): spell +0x88 = 5000 10000 20000 40000 80000 160000 320000 30000000 by castle level and +0x8c = +0x88/+0x32 levels
0x00042460,castle_take_damage_42460,(castle) health<0 -> 2; pending +0x5e: health -= +0x5a; dead -> +0x26 = attacker return 2; else owner P+0x187 = 4 hit flash return 1; +0x7c == own owner idx (upgrade request from own castle spell) and level<7 -> flag 0x40 (upgrade) and +0x7c = 0
0x00042530,balloon_update_42530,class 3 state 9: fly to target (+0x92): collect own mana ball (+0x8c) or deliver mana to castle (class 3 with +0x1a>0)
0x00042770,player_take_damage_42770,apply +0x5a/+0x5e; playerrec+0x189=4 (hit flash); returns 2 when dead (+0x26=killer)
0x000427d0,mana_totals_update_427d0,player things +0x88 = playerrec+0x142; then players type 2/3 creatures and effects 0x27/0x28/0x2d add +0x8c to owner(+0x90) +0x88; cfg+0xbc = world total
0x000428e0,mana_add_to_owner_428e0,owner=thing[+0x90]; owner+0x88 += +0x8c; cfg+0xbc += +0x8c
0x00042950,ret_zero_42950,xor eax eax; ret (class 8 shared stub)
0x00042a20,ui_draw_radar_blips_42a20,"Round 6: comment extended (port_render_reference.md). Draws Thing markers on the radar from the local player's thing (+0x3415): owned creatures in the owner's B colour 0x97631[player*2], mana balls 0x97630[player*2 + Config+0x60], projectiles / other effects the A colour; wild creatures cube black, types 12..14 cube blue."
0x00043610,ui_draw_radar_43610,Circular minimap: per row width from the 256-entry circle table DAT_000cdcb0 (sqrt(1-x^2))
0x00043910,ui_draw_map_43910,Rectangular overview map (full-screen map mode): same colour lookup as 43610
0x00043ba0,scenery_tree_update_43ba0,take damage; when dead spawn fire effect owned by attacker and go to state 1 (burning); if on water (terrain type 1) spawn splash and delete
0x00043db0,scenery_standing_stone_update_43db0,"class 2 state 3 = Standing stone (type 1; scenery_create_standing_stone_35f90 sets +0x46 = 3): flags |= 0x20000 (byte +0x12 |= 2, the recyclable bit effect constructors set) and snap z +0x4c = terrain_height_at_10bc0(pos +0x48). No damage or burn handling (unlike scenery_tree_update_43ba0); byte-identical to scenery_badstone_update_43e60"
0x00043de0,scenery_dolmen_update_43de0,CONFIRMED: class 2 state 6 dolmen: any live player thing whose bbox overlaps gets flag 0x1000 (byte +0x11 |= 0x10); snap z
0x00043e60,scenery_badstone_update_43e60,CONFIRMED: class 2 state 9 bad stone: same as 43db0
0x00043ea0,thing_z_add_half_height_43ea0,+0x4c += +0x4e unless type 2
0x00043ec0,thing_z_sub_half_height_43ec0,+0x4c -= +0x4e unless type 2
0x00043ee0,thing_aim_at_43ee0,(a b) a +0x22/+0x24 = yaw/pitch to b with a's z temporarily raised by +0x4e
0x00043f30,projectile_steer_to_target_43f30,+0x22 = angle to target; pitch via pos_pitch_to
0x00043ff0,thing_turn_toward_43ff0,(a b) +0x22/+0x24 = yaw/pitch to b then turn +0x1e/+0x20 by angle_turn_step (& 0x7ff)
0x000440a0,projectile_record_hit_stats_440a0,owner player record +0x157 shots / +0x15b hits
0x00044150,projectile_fly_and_impact_44150,class 9 shared flight (states 2 3 4 5 6 11 15 16 17 20 via 44a40/44a50): steer to +0x92 target or on first tick (flag 2) auto-aim (45f00) else fly straight; speed +0x7e -> +0x80 by 2; move; collision (105f0): if target has flag 0x8000 (rebound) and target mana >= our mana/4 and +0x44==10 and +0x45 in {1 0x11}: reflect (target mana -= our/4; yaw = +0x1e+0x400 +- rnd%0x2d; pitch mirrored; owner/target swap; life reset; moved to target top) else explode; no collision: below terrain -> type!=4 on water cell (type 1) spawns class 10 type 5 splash else explode; else life +0xc-- and explode when <0; explode = create class +0x44 type +0x45 effect with owner yaw pitch target(+0x92) damage(+0x2c) (+0x45==0x22 teleport: life = +0x2c) + hit stats; delete
0x000448b0,projectile_homing_update_448b0,class 9 state 1: steer to target (+0x92); move; hit mana/wizard; lifetime; on end spawn explosion with owner/yaw/pitch and delete
0x00044ea0,projectile_step_44ea0,pick target once (flag 2); move polar; collision test; ground clamp
0x00044fc0,projectile_lightning_update_44fc0,class 9 state 9: unlink; step until cell change; spawn zig-zag bolt segments (class 9 type 9 state 14); collision -> hit effect with +0x92 target and +0x2c damage (quartered vs shielded player)
0x00045530,projectile_castle_seed_update_45530,class 9 state 10 (castle spell projectile): first tick (flag 2) castle_site_is_free_11be0 - site blocked -> castle_spell_reset_charge_41310 and delete; then home on +0x96 target pos (turn yaw/pitch) accelerate move; on collision or reaching ground: if site free create the castle-build effect with owner and delete
0x00045f00,projectile_pick_target_45f00,auto-aim by projectile type (0 3 4 0x10 0x12 0x13 -> players in range) using owner descriptor sight radius
0x00046470,projectile_target_score_46470,(shooter target maxYaw maxPitch) with shooter z raised by +0x4e: -1 if |yaw diff|>maxYaw or |pitch diff|>maxPitch or dist>0x1400 else weighted score (cos^2 + 4 sin^2 of both diffs scaled by dist); used by projectile_pick_target_45f00
0x000465b0,target_aim_score_465b0,(a b maxYaw maxPitch) same score as 46470 without the z adjustment: -1 when outside cone or dist>0x1400 else cos^2+4sin^2 weighted by distance; used by projectile_pick_target_45f00
0x000466af,projectile_line_of_fire_clear_466af,starts on a 1-byte pad (real entry 0x466b0): (shooter target) dist <= descriptor sight radius (+0x9c+0x1c) and |yaw diff|<=0x100 |pitch diff|<=0x38; copies the shooter thing to the stack (collision filter 0xff) and marches it in 0x180 steps toward the target: hits a thing -> 1; terrain above the ray or distance exhausted -> 0; 0 callers in export
0x000468e0,creature_wake_tick_468e0,per-tick pass over the 20 creature lists and the mana-ball list calling creature_proximity_wake_timer_46960 (awake gate +0x3a near the local player); walk 20 creature lists + mana-ball list; dead creatures reset +0x3a/+0x3b else creature_sound_timer_46960
0x00046960,creature_proximity_wake_timer_46960,"(creature or mana ball; called every tick from creature_sound_tick_468e0 for the 20 creature lists + mana-ball list) awake countdown +0x3a: if nonzero decrement it and copy the value to every +0x36 chain segment; if zero and snooze +0x3b is zero: dist^2 (pos_dist_sq_xy_3e970) from the local player's thing (players[g_state->local_player].thing) to +0x48 < 0x2400000 (6144 units = 24 cells) -> +0x30 = isqrt(dist), +0x3a = 0x10 (segments 0x12); else +0x3b--. +0x3a != 0 is the activity gate: creature handlers (creature_ai_step_18870, archer 1a0e0, crab 1a830, skeleton 1bb70 ...) only process damage slots and think while it is nonzero and projectile_pick_target_45f00 only targets things with +0x3a != 0; thing_alloc default 0xfa, mana ball create 0x80, dead creature 0xfa (468e0)"
0x00046ae0,spell_dropped_update_46ae0,(spell thing on the ground; args spell id + new state) life +0xc countdown -> delete; sink/follow ground (3e5f0 == -1 -> delete); every 4 ticks for each live flyer (type 0): local player already owns the spell -> flag 1 (dim icon); on bbox overlap: AI players (type 1) lacking it with P+0x31c[id]==1 get P+0x274[id]=200; find first free slot in P+0x214[24] unless spell already owned; flag 0x40000 (dropped by death) -> +0x84 = 0; sound; +0x2a = picker; +0x46 = new state; P+0x214[slot] = idx; P+0x3ac = slot; push slot into P+0x304[10] new-spell queue; returns 1 when picked up
0x00046dd0,spell_phase2_pickup_46dd0,class 12 phase 2 handler (via spell_phase2_common_47300): DAT_943c4 = 0; spell_dropped_update_46ae0(id); when picked up create a fresh spell thing through class-12 table B (DAT_962b6 + id*0xe) and set its state += 2 (phase 2 = owned copy); DAT_943c4 -> flags |= 1|(old & 0x400); sealed (flag 0x400) -> sprite 0x118
0x00046e50,spell_dropped_dispatch_46e50,"(thing): spell_dropped_update_46ae0(thing, type +0x41, state +0x46 - 1); the only callee of spell_phase1_common_472f0 (Table A states 1..70 of class 12)"
0x00046e70,spell_can_cast_46e70,caster mana(+0x8c)>=0 and health>=0 and (cost +0x84==0 or castle mana >= cost) and (+0x88 <= caster mana or mid-cast)
0x00046f20,spell_charge_mana_46f20,at cast start caster +0x84 = -spell total (+0x88); returns 1 when charged
0x00046f90,spell_projectile_origin_46f90,launch position (flags +0x11 bit0/bit1 = hand side) and move projectile + its +0x36 chain
0x00047130,spell_fireball_update_47130,class 12 state 0: while casting (+0x30>0) spawn projectile(s) from caster (+0x2a) with yaw/pitch/speed; sound; charge mana
0x00047420,spell_speedup_update_47420,class 12 state 6 (spell 2): caster playerrec+0xc speed = +0x80*2 or *3 and caster +0x7e; spawns trail effect; restores at end
0x00047760,spell_shield_update_47760,CONFIRMED: spell 4 phase 0: while +0x30>0 and can_cast: caster flag 0x4000 (shield: damage quartered and charged to mana in player_apply_hits) + charge mana; cannot cast -> +0x30 = 1
0x00047840,spell_earthquake_update_47840,CONFIRMED: spell 6 phase 0: at cast start spawn a class 9 projectile from the caster with impact class +0x44=10 type +0x45=0xf (Earthquake effect) +0x1a aim from P+0x146 launch pos +0x96 on terrain; charge mana each tick
0x000479f0,spell_meteor_update_479f0,CONFIRMED: spell 7: projectile with impact effect type 0x11 (Meteor) copying caster yaw/pitch
0x00047d40,spell_crater_update_47d40,CONFIRMED: spell 9: projectile with impact effect type 0xb (Crater)
0x00048490,spell_rebound_update_48490,CONFIRMED: spell 14: while casting caster flag 0x8000 (rebound: projectile_fly_and_impact reflects fireballs/meteors); cleared when +0x30 reaches 0
0x00048510,spell_lightning_update_48510,CONFIRMED: spell 15: projectile with impact effect type 0x17
0x000492e0,spell_mini_fireball_update_492e0,CONFIRMED: spell 23: burst of +0x3d projectiles with impact effect type 0 (explosion)
0x000494b0,sound_update_494b0,service sound/music channels (DAT_b7ac0 records) each tick
0x00049720,sound_request_49720,Game-side play(thing;player;sound_id): volume from distance (3e930) and pan from angle (3e6b0/3e770); writes request slot [sound_id] type 1 (restart) or 3 (play if not playing); local-player special sounds via 4e0f0
0x00049c20,sound_priority_ok_49c20,"(new, cur) -> new - cur >= -8; sound_request_49720 (5 sites) compares the request value against the playing record word DAT_000b7ac4 + id*10 and only replaces the sound when within 8 below it"
0x00049c40,sound_fade_player_sound_49c40,(thing player soundId) if sfx on: sound ids 1 2 5 0x1f (ids 1/2/5 skipped when memory class DAT_9e328==3) for the local player -> FUN_4e400 start fade-out of that (owner sample) channel; called from player_flyer_move
0x00049ca0,music_fade_timer_cb_49ca0,"far routine (retf): the 60 Hz HMI timer event installed by music_fade_out_begin_49cd0 (hmi_timer_add_event_5d093): --DAT_000943c8 (MIDI volume), snd_midi_set_volume_5ef56(it); at 0 calls music_fade_out_end_49d10"
0x00049cd0,music_fade_out_begin_49cd0,starts on lea pads (real entry 0x49cd0): if music available and on: DAT_943c9 = 1 and hmi_timer_add_event(60 Hz callback 0x49ca0 which lowers DAT_943c8 MIDI volume then calls 49d10)
0x00049d10,music_fade_out_end_49d10,if DAT_943c9: remove the fade timer event; music_stop_1f960; snd_midi_set_volume; DAT_943c8 = 0x7f; DAT_943c9 = 0
0x00049d50,sound_playing_count_49d50,if sfx available and on return sound_count_playing_628a4 else 0
0x00049d80,sound_sample_done_49d80,"(owner thing, sample id) -> if sfx on (DAT_0009e320 && DAT_0009e321) finds the channel i in DAT_0012e070[32] {u16 owner, u16 sample} and returns hmi_sample_done_6291e(DAT_0012e1c0 digital handle, i); 1 when sound is off or no channel matches"
0x00049de0,ui_sprite_lists_relocate_49de0,for each sprite table in the linked list (+0xc next): sprite_table_relocate_62ad0 or relocate_x2_62a80 by DAT_12edae bit 0 (used by video_toggle_resolution)
0x00049e40,ui_sprite_lists_unrelocate_49e40,inverse of 49de0 (sprite_table_unrelocate_62b90 / _half_62b10)
0x00049ea0,math_line_point_offset_49ea0,starts on lea pads (real entry 0x49ea0): (x0 y0 x1 y1 x y) returns (y - y0) - (x - x0)*(y1-y0)/(x1-x0) (vertical offset of point from the line; x0==x1 -> x0 - x)
0x00049ee0,mem_replace_byte_49ee0,(src? dst old new len): for len bytes of buf replace value old with new
0x00049f10,mem_swap_blocks_49f10,(a b len) swap len bytes between two buffers
0x00049f40,mem_sum_bytes_49f40,(buf len) byte checksum
0x00049f70,con_get_text_position_49f70,"(int* row, int* col): splits the packed result of con_get_cursor_795b4 (Watcom graph.lib _gettextposition: row in low word, col in high word)"
0x0004a000,input_mouse_center_4a000,input_mouse_set_pos(320; 200 or 240)
0x0004a030,input_mouse_set_pos_4a030,Clamps x<=0x27E y<=0x1DE/0x18E; updates DAT_0009e5dc/de and calls int33 fn4 (x<<3;y<<3 in 640-wide modes)
0x0004a170,input_mouse_set_range_4a170,starts on lea pads (real entry 0x4a170): int33 fn7/fn8 horizontal/vertical limits (x<=0x27e y<=0x18e or 0x1de) through dos_int86; x<<3 y<<3 in 640 mode (DAT_12edae==8); 0 callers
0x0004a350,switch_hidden_outside_re_s3_update_4a350,"Round 5: was switch_update_repeat_4a350; class 11 state 3 (type 3): outside, repeating. class 11 state 3: trigger when player inside then 10-tick cooldown (re-triggerable)"
0x0004a460,switch_death_inside_s5_update_4a460,Round 5: was switch_update_once_4a460; class 11 state 5 (type 5 'Death inside'): same logic as inside once. class 11 state 5: trigger (mode 1) then mark delete
0x0004a660,switch_creature_dead_trigger_4a660,(switch thing; creature type or -1) when the creature list cfg+0x8e1e[type] is empty (-1: lists 0..11 and 16 all empty): +0x1a counts down from 0x10 then sound + switch_activate(+0x18 1) + delete; called by the 18 stubs switch_*_trigger_4a780..4a890
0x0004a8b0,switch_test_player_4a8b0,every 8 ticks: any player thing (type 0) whose bbox overlaps the switch -> sound and return 1
0x0004a940,switch_test_any_player_4a940,loop over player records testing collision with switch
0x0004a9a0,ui_draw_text_4a9a0,Draws a C string with font DAT_000adfbc (6-byte glyph records at font+(c+1)*6
0x0004aa90,ui_draw_text_background_4aa90,starts on lea pads (real entry 0x4aa90): (x y str) walks the string like ui_draw_text: per glyph ui_fill_rect_blend2_22610 (translucent box) advancing by glyph width (font+6*(c+1)+4); 9/0x20 space width; 10 newline; 0xb-0xd skipped; stops at x>0x27f; returns end x
0x0004ab60,ui_text_width_4ab60,(str) sum of glyph widths (font DAT_adfbc 6-byte records +4) with 9/0x20 = space width; control bytes <9 ignored
0x0004abc0,ui_font_space_width_4abc0,Returns font+0xca.
0x0004abd0,ui_font_line_height_4abd0,Returns font+0xcb.
0x0004abe0,ui_set_font_4abe0,DAT_000adfbc = font table DAT_000adf28[n].
0x0004ac03,timer_isr_4ac03,"int 8 handler (asm): DAT_0012eab4++; cfg+0xd2 += cfg+0xce (0x2726 -> 119.06 Hz), chains the BIOS handler every 0x10000; EOI; iretd"
0x0004ac79,timer_isr_install_4ac79,Saves int 8 vector (DAT_000b7ca0/ca4); programs PIT via out (62c4d x3); installs LAB_0004ac03; cfg+0x19c = 0x2726; DAT_000987dc=1
0x0004ad0a,timer_isr_remove_4ad0a,Reprograms PIT and restores int 8
0x0004ad60,mem_sum_range_4ad60,(begin end) byte checksum of a pointer range
0x0004ad80,ui_draw_debug_overlay_4ad80,text stats when playerrec+0x3410 bit 8
0x0004b4a0,dbg_print_mem_blocks_4b4a0,walks the 18-byte block list at 0x130120 printing 'used %d/size %d' for blocks > 16 bytes
0x0004b4d0,dbg_print_copyright_4b4d0,printf 'Copyright (c) 1994 Bullfrog Productions Ltd.' 'All rights reserved.' + DAT_92b3c (called from data_load_all and shutdown)
0x0004b500,game_abort_if_null_4b500,"(p): if p == 0: vga_palette_fade_61510(0, .., 0x10), timer_isr_remove_4ad0a, sound_shutdown_617e0, music_shutdown_61870, game_shutdown_3ee70, crt_exit_6279f(1); out-of-memory style abort helper, no callers"
0x0004b540,dbg_progress_4b540,"Called between every init/load step with a progress string in EAX (""Load Level"" / ""Generate map"" / ...). Debug/progress logger."
0x0004b570,weather_update_nop_4b570,class 7 update handler = ret
0x0004b580,tmaps_load_4b580,"Loads data/tmaps.dat (""ERROR decompressing tmap%03d"")."
0x0004b5e0,tmap_read_chunk_4b5e0,"Seeks (FUN_00061a80) to chunk offset DAT_000b84f4[n].+4 in tmaps.dat and reads/RNC-decompresses; prints ""ERROR decompressing tmap%03d""."
0x0004b690,sprite_group_unload_if_unlocked_4b690,As 4b780 but refuses locked groups (DAT_000b9580).
0x0004b780,sprite_group_unload_4b780,Frees all sprites of a group (sprite_cache_find_4cb10 / sprite_ptr_clear_4ca50 / sprite_cache_compact_4c610); clears DAT_000b8d3c/0xb84f8/0xb7cb0 entries.
0x0004b850,sprite_group_size_4b850,Sum of chunk sizes (+10 header) of all sprites sharing group id (DAT_000b84f4 10-byte records
0x0004b8b0,sprite_group_load_4b8b0,For every sprite of the group: tmap_find_chunk_4c560 + tmap_read_chunk_4b5e0 (RNC) + sprite_cache_register_4c880; stamps DAT_000b7cb0 with cfg+4 (frame counter).
0x0004b9b0,sprite_cache_evict_lru_4b9b0,Finds the 5 loaded
0x0004bbf0,sprite_cache_init_4bbf0,DAT_adf58 = FUN_4c280(cfg+0xa8 pool cfg+0xac size 0x211 slots) texture cache; DAT_adf50 = 4c7f0(); tmaps_load; clear DAT_b8d3c DAT_b84f8 DAT_b7cb0 (0x844 bytes each); 4c0a0; 4c0f0
0x0004bc80,sprite_cache_shutdown_4bc80,FUN_4c790 (free texture pool) 4cb50 4bec0; clear the three 0x844 tables; DAT_987e0 = 0; close tmaps handle DAT_987e4
0x0004bcf0,tmaps_close_file_4bcf0,close DAT_987e4 (tmaps.dat handle) if open and set -1
0x0004bd10,sprite_table_init_sizes_4bd10,after tmaps_load: for each 14-byte sprite record at DAT_97678 (until +6 and +8 both 0) read its tmap header (into the screen buffer as scratch; missing -> w=h=0xff flag 1); derive the missing world extent +6 or +8 from the header w/h ratio; +0xc = header byte 1 (draw type); then tmaps_close_file
0x0004bdd0,sprite_ensure_loaded_4bdd0,Make sprite index n resident: size = sprite_group_size_4b850
0x0004be50,texture_anim_update_4be50,For 0x211 texture slots (DAT_000b8d3c ptr table): if flags&8 (animate) and &1; find anim record (4cb10) and decode next FLIC frame (4c9f0)
0x0004bec0,sprite_group_priorities_clear_4bec0,"mem_set_5afd0(DAT_000b9791, 0, 0x211): clears the per-sprite-group load-priority table; from switch_activate_356e0 and sprite_cache_shutdown_4bc80"
0x0004bee0,sprite_mark_needed_for_model_4bee0,(a b fallbackSprite) table of 34-byte records at DAT_9649e {u16 a u16 b u16 sprites[15]...} terminated by a negative key: for the record matching (a b) set each listed sprite's group priority (4bf60); no record and fallback>=0 -> set for the fallback sprite; called by switch_activate (a b = class/model of spawned things?)
0x0004bf60,sprite_set_group_priority_4bf60,(sprite) DAT_b9791[group of sprite (DAT_b84f4[base]+8)] = DAT_97683[sprite*14] (sprite record byte +0xb = load priority)
0x0004bfb0,sprite_groups_reload_by_priority_4bfb0,(called by switch_activate after spawning) init cache if DAT_adf58==0; clear DAT_b7cb0; unload groups whose priority byte DAT_b9791[i]==0 (unless locked); then for priority 0xff downwards load every not-yet-loaded group with that priority while sprite_group_size <= tmap_free_space
0x0004c0a0,texture_mark_resident_4c0a0,"Clears the 0x211-byte flag table DAT_000b9580 then, if DAT_000987e8, walks a 14-byte record list (ends when words +6/+8 are both 0) setting flag[rec.id]=0xff for records whose byte +0xb == -1; called by 4bbf0 (tmap init) just before 4c0f0"
0x0004c0f0,texture_load_resident_4c0f0,For every texture id 0..0x210 flagged in DAT_000b9580 calls sprite_group_load_4b8b0 (preload of always-resident textures at tmap init)
0x0004c130,texture_mark_needed_4c130,Clears 0x211-byte table state+0x2c then marks loaded textures (DAT_000b8d3c[i]!=0); +1 if DAT_000b9580[i]
0x0004c1a0,texture_load_needed_4c1a0,Loads textures flagged in state+0x2c (4b690) and evicts by score (4b850/4c550)
0x0004c280,tmap_cache_create_4c280,Creates the tmap cache struct (0x1a bytes: +0 size +4 free +8 dir (n x 0xe) +0xc index (n x 4) +0x10 data +0x14 count +0x16 capacity +0x18 mode) with n=0x211; pool ptr NULL -> four mem_alloc (mode 1) else carved in place from cfg+0xa8/+0xac pool (mode 2); crt_exit on failure
0x0004c3d0,tmap_dir_find_free_4c3d0,"Returns the first directory slot (0xe-byte entries at cache+8) whose +4 size is 0, or -1"
0x0004c400,tmap_dir_entry_data_4c400,Returns +0 (data ptr) of directory entry n; no callers
0x0004c420,tmap_dir_entry_valid_4c420,1 if n < capacity (+0x16) and entry size != 0 and cache size != 0; no callers
0x0004c460,tmap_cache_add_4c460,"Appends a chunk if size <= free: takes a free dir slot, copies data to data+size-free, entry = {+0 ptr +4 size +8 order +0xa slot +0xc id}, index[count++] = entry, free -= size; returns entry ptr or 0"
0x0004c550,tmap_free_space_4c550,Returns +4 of the tmap cache struct (free bytes).
0x0004c560,tmap_find_chunk_4c560,Looks up chunk n in the container directory (14-byte entries) via FUN_0004c3d0.
0x0004c610,sprite_cache_compact_4c610,Memmoves following blocks down over a freed block and fixes their back pointers.
0x0004c6f0,tmap_cache_clear_4c6f0,Frees every directory entry (free += size; zero ptr/size/order) and sets count (+0x14) = 0
0x0004c750,tmap_dir_find_by_id_4c750,"Returns the directory entry whose +0xc id == arg, else 0"
0x0004c790,tmap_cache_destroy_4c790,If *pcache: for mode 1 (+0x18 == 1) frees the four blocks; *pcache = 0; called from 4bc80 (tmap shutdown)
0x0004c7f0,texture_anim_table_create_4c7f0,Allocates {u16 count; ptr to count x 0x1c records} under mem_set_owner_tag and zeroes +0/+4 of each record; these 0x1c records are the texture-anim records of texture_anim_next_frame_4c9f0 (the sprite_cache_* names 4c880/4cb10/4ca50/4c610 operate on the same table)
0x0004c880,sprite_cache_register_4c880,Allocates a 0x1c-byte cache slot: +4 ptr to sprite ptr
0x0004c9c0,texture_anim_update_all_4c9c0,For each 0x1c record with +0 (active) nonzero calls texture_anim_next_frame_4c9f0; per-tick texture animation driver
0x0004c9f0,texture_anim_next_frame_4c9f0,Anim record {+4 data ptr; +8 offset; +0xe first; +0x10 count; +0x12 dest; +0x16 frame}; wraps and calls flic_set_dest + flic_play_chunk
0x0004ca50,sprite_ptr_clear_4ca50,Zeroes a (ptr
0x0004ca70,texture_anim_table_clear_4ca70,Zeroes +0 (active) and +4 (sprite ptr) of every anim record
0x0004cab0,texture_anim_table_deactivate_4cab0,"Zeroes +0 (active) of every anim record, keeps the sprite pointers"
0x0004cae0,flag_set_false_4cae0,(int* p): if p: *p = 0; option-callback style setter next to flag_toggle_4caf0 / flag_set_true_4cb40; no direct callers (table target)
0x0004caf0,flag_toggle_4caf0,(int* p): if p: *p = (*p == 0); no direct callers
0x0004cb10,sprite_cache_find_4cb10,Finds the slot whose +0x1a equals the sprite id.
0x0004cb40,flag_set_true_4cb40,(int* p): if p: *p = 1; no direct callers
0x0004cb50,texture_anim_table_destroy_4cb50,Frees the record array and the header; *ptable = 0; called from 4bc80
0x0004cb88,palette_build_tint_table_4cb88,Builds a 256-entry remap table: target = pal[i] + ((rgb - pal[i]) * factor >> 8) per channel (args r g b and three factors) then nearest palette index by 2dr^2+2dg^2+db^2; called from tables_load_or_generate_3eaa0
0x0004cc33,math_atan2_4cc33,atan2(dx dy) -> 0..0x7ff using 256-entry table at 0x9b3ec
0x0004cd39,math_isqrt16_4cd39,"16-bit integer sqrt: seed from the u16 table at 0x4cdb0 indexed by the highest set bit, then Newton x=(x+n/x)/2 until x <= n/x; no callers (32-bit sibling is math_isqrt_4cd7a)"
0x0004cd7a,math_isqrt_4cd7a,integer sqrt (Newton from seed table FUN_0004cdb0)
0x0004cdf0,vga_set_dac_entry_4cdf0,out 3C8h index then 3C9h r g b (register args); called from 18e90
0x0004ce13,mem_fill_bytes_4ce13,memset(dest byte n): dword stores then remainder
0x0004ce51,mem_copy_bytes_4ce51,memcpy(dest src n): dword copies then remainder
0x0004ce83,gfx_fill_rows_320_4ce83,Fill n rows of 320 bytes
0x0004cea9,gfx_fill_rows_640_4cea9,Fill n rows of 640 bytes with colour
0x0004ced4,gfx_copy_b400_4ced4,"asm (ebp frame, saves ebx/ecx/edx/esi/edi): rep movsd 0x2d00 dwords = 46080 bytes (320x144) from arg2 to arg1; no callers"
0x0004cef0,dbg_draw_text_bitmap_4cef0,"Draws a string with a 6-row bitmap font at 0x140000 (8 bytes per glyph, index char-0x20): TAB advances x to the next multiple of 8, LF adds 6*pitch; each font byte is dispatched through a 256-entry jump table at 0x4cf67 to unrolled pixel plotters in colour arg; no callers (debug printer)"
0x0004d096,ui_blit_icon_32w_4d096,"Copies a 32-pixel-wide n-row 8-bit image to dest (pitch DAT_0012ed70): 0 -> 0, 0xFE skipped (transparent), else (b & 0xF) + colour base; no callers"
0x0004d0dd,ui_draw_icon_4d0dd,"asm (x, y, icon*{u8* data, u8 w, u8 h}): draws into DAT_0012ed74 with vga_draw_sprite_spans_lo_606f8 when DAT_0012edae&1 (320x200) or vga_draw_sprite_spans_6070d when &8 (640x480), extra args 0,0; NOTE a second asm routine begins at 0x4d140 (same but w,h divided by arg4+1 and arg4/arg5 passed as scale) and needs its own function entry"
0x0004d140,ui_draw_icon_scaled_4d140,asm: scaled variant of ui_draw_icon_4d0dd (second entry hidden in its body; agent G)
0x0004d240,ui_draw_glyph_4d240,Draws one glyph sprite via vga_draw_sprite_spans (606f8 in 320 mode / 6070d in 640 mode).
0x0004d2b0,music_init_from_sndsetup_4d2b0,"Reads c:%s/sndsetup.inf (path from the \carpet.cd env var), creates it with 'SOUNDFX = none 0 0 0' / 'MUSIC = none 388 0 0' if missing, sscanf '%s = %s %x %d %d', BF_MUSIC env override '%s %x'; 'none' -> DAT_0009e30c/30d = 0; card name (ADLIB SBLAST SBPRO ADLIBG SB16FM GRAVIS PASFM COMPATIBLE ROLAND SBAWE32 GENERAL WBLAST) -> music_init_hmi_4d550 with the HMI device id in EBX; from sound_initialise_34140"
0x0004d550,music_init_hmi_4d550,"HMI MIDI init: zero 0xa2495.. state, snd_timer_init, sosMIDIInitSystem (0x92c98), init driver ('\nError : %s' -> music off). Device id switch: 0xA001 -> DAT_0012e06e=2; 0xA002 (OPL FM) loads data\inst.bnk + data\drum.bnk via 4d880 and sosMIDI driver calls, DAT_0012e06f=1 DAT_0012e06e=0; 0xA004 -> 1; 0xA008 -> 2; then music_load_bank_5c870 ('\nError opening music files')"
0x0004d880,file_load_rnc_alloc_far_4d880,"file_get_unpacked_size -> mem_alloc -> file_load_rnc_3cbe0, frees on size mismatch; returns far pointer (offset in EAX, DS in EDX) for the HMI bank loader"
0x0004d8f0,sound_init_from_sndsetup_4d8f0,"Same sndsetup.inf parse for the SOUNDFX line (BF_SOUND env override); 'none' -> DAT_0009e320/321 = 0, else sound_digital_init_4da10; from sound_initialise_34140"
0x0004da10,sound_digital_init_4da10,"Maps sndsetup card name (SBPRO SB16 ADLIBG ... GRAVIS) to HMI device id and rate (22050/44100/11025); detect/init driver; ""Error : %s"""
0x0004dfc0,sound_update_fadein_4dfc0,Channels flagged in DAT_0012e270: volume += 0x800 up to DAT_0012e2b0[ch]*0x100-1
0x0004e0f0,sound_request_fade_in_4e0f0,Stores target volume DAT_0009e3c0 = arg and if the mode arg == 3 calls sound_play_fade_in_4e120; from sound_request_49720
0x0004e120,sound_play_fade_in_4e120,If (owner sample) already playing: fade-in flag DAT_0012e270[ch]=1 (fade-out cleared) target DAT_0012e2b0[ch]=DAT_0009e3c0; else first free HMI channel starts the sample (flags 0x4300 volume 0 DAT_0012e0f0[ch]=0) and is flagged fade-in
0x0004e2e0,sound_update_fadeout_4e2e0,Channels flagged in DAT_0012e330: volume -= 0x800 per tick; stop below 0x1001
0x0004e400,sound_start_fade_out_4e400,"Finds the channel playing (owner sample): clears fade-in, DAT_0012e2f0[ch]=arg (fade parameter), DAT_0012e350[ch]=current volume DAT_0012e0f0[ch], sets fade-out flag DAT_0012e330[ch]; from 49c40"
0x0004e4b0,net_check_cancel_4e4b0,Esc or click in the Cancel box (x 0x238..0x25E; y 0x60..0x86) sets DAT_0009e3f8 abort flag
0x0004e530,net_add_name_4e530,NCB 0xB0 (ADD NAME no-wait) with local name NCB+0x1a padded to 15
0x0004e600,net_call_4e600,NCB 0x90 (CALL no-wait) to remote name NCB+0xa
0x0004e870,net_cancel_4e870,NCB 0x35 (CANCEL) of a pending player NCB
0x0004e8f0,net_netbios_detect_4e8f0,Gets int 5Ch vector; submits NCB command 0x7F and expects return code 3 (invalid command => NetBIOS present)
0x0004e940,net_delete_name_4e940,NCB 0xB1 (DELETE NAME); returns -code or -99
0x0004e9e0,net_hangup_4e9e0,NCB 0x92 (HANG UP)
0x0004ea10,net_listen_4ea10,NCB 0x91 (LISTEN no-wait) on player slot DAT_0009e400[p]
0x0004eb30,net_receive_4eb30,NCB 0x95 (RECEIVE no-wait) on DAT_0009e3d4
0x0004ebb0,net_receive_chunked_4ebb0,"Receives len bytes as len>>11 NCB RECEIVE blocks (net_receive_4eb30, 0x800 each) plus remainder; returns len or the short count; called by 4f4d0"
0x0004ec10,net_receive_player_4ec10,NCB 0x95 on per-player NCB DAT_0009e3d8[p]
0x0004ec50,net_receive_player_wrap_4ec50,Calls net_receive_player_4ec10 and returns 1; no callers
0x0004ec80,net_send_4ec80,NCB 0x94 (SEND no-wait) on DAT_0009e3d0
0x0004ecf0,net_send_chunked_4ecf0,Sends len bytes as 0x800-byte NCB SEND blocks (net_send_4ec80) plus remainder; returns the first nonzero error; called by 4f470
0x0004ed50,net_build_player_status_4ed50,DAT_0009e420[p] = 2 local / 1 connected / 0
0x0004ed70,net_player_status_4ed70,2 if p == local DAT_0009e3ca; 1 if NCB DAT_0009e400[p] byte +2 nonzero and +0x31 (cmd_cplt) == 0 (session up); else 0; used by net_build_player_status_4ed50
0x0004eda0,net_netbios_submit_4eda0,Builds DPMI regs (AX=0x300 simulate int; BL=0x5C) with ES:BX -> NCB; returns -1 on DPMI failure; NCB+0x31 = completion code (0xFF pending)
0x0004ee70,net_init_4ee70,Allocates low-memory network buffers (0x42 3x0x800 8x(0x800+0x42)); DAT_0009e3c8=1
0x0004efc0,net_shutdown_4efc0,Free network buffers
0x0004f030,net_session_join_4f030,"Lobby: default name ""TESTER""; session names ""Game One""..""Game Six"" (0x9E469); up to 8 players (DAT_0009e400[8] NCB ptrs; DAT_0009e3ca = local index; DAT_0009e3cc = player count); add name; listen/call all; wait all connected; status table DAT_0009e420"
0x0004f360,net_player_disconnect_4f360,"Player p leaving: if p is local cancels and hangs up every other NCB, sprintf name + net_delete_name, DAT_0009e3c9 = 0; else cancel + hang up p; rebuilds the status table and DAT_0009e3fa (host index) = first player with nonzero status; from player_commands_process_3a8b0"
0x0004f470,net_send_to_player_4f470,Sends the local command packet to player p: net_send_chunked_4ecf0 (NCB 0x94 SEND); names were swapped before 2026-10-06 round 2
0x0004f4d0,net_receive_from_player_4f4d0,Receives player p's packet (NCB 0x95 RECEIVE via net_receive_player_4ec10) then re-listens
0x0004f530,net_exchange_frame_4f530,Per tick (from 3a8b0): receive from every other player (4f470) then send to all (4f4d0) or vice versa depending on host
0x0004f620,net_exchange_block_4f620,"If network: for each player p - local: send own slot (buf + local*size) to every player via 4f470; remote with status 1: receive into buf + p*size via 4f4d0; alternative to net_exchange_frame_4f530, no callers"
0x0004f6f0,sound_restart_sample_4f6f0,Stops any (owner;sample) channel then start
0x0004f7a0,sound_play_if_idle_4f7a0,Start only if (owner;sample) not already playing
0x0004f850,sound_play_simple_4f850,Start without checks (sample <= DAT_0012e246)
0x0004f8a0,sound_start_sample_4f8a0,Finds a free HMI channel (6291e); records {owner;sample} in DAT_0012e070[32]; volume in DAT_0012e0f0[ch]; fills the HMI sample block at 0x9E32C (ptr = tab[sample*0x20+0x12]; len = tab[+0x1a]-0x10; flags 0x300) and starts (64e7c)
0x0004f974,vesa_copy_banked_4f974,Copies the frame to 0xA0000 in 64 KB banks via vesa_set_bank_6126c (4 x 0x4000 dwords + remainder
0x0004fa28,input_keyboard_isr_4fa28,"int 9 handler (asm): port 60h -> DAT_0012eea0, E0 prefix handling, key table DAT_0012ee20[sc]=make/break, DAT_0012e397 first make code, Tab+debug hook, chains old vector while DAT_000adfca"
0x0004fb46,input_keyboard_install_4fb46,Clears 128-byte key table 0x12EE20; saves int 9 vector (62c57) in DAT_0012e390/394; installs LAB_0004fa28 via dos_setvect(9)
0x0004fb85,input_keyboard_restore_4fb85,dos_setvect(9; saved vector)
0x0004fba0,vfx1_find_driver_fn_base_4fba0,Probes the VFX1 int 33h driver: real-mode int 33h (50250) with AX = 0x60xx|0x7f .. 0x70xx step 0x100 until the returned AX == 0x7f00|xx; returns the function base (AH) or 0 -> DAT_0012e5bc; from vfx1_init_4fdc0
0x0004fc20,vfx1_driver_query_4fc20,"int 33h AX = base|3: copies DAT_0012e64c returned bytes from the DOS transfer buffer DAT_0012e628 into dest, *count = DAT_0012e64c; returns AX status"
0x0004fca0,vfx1_driver_send_block_4fca0,Copies 256 bytes from src into the DOS transfer buffer DAT_0012e628 then int 33h AX = base|4; returns AX
0x0004fd20,vfx1_driver_read_tracker_4fd20,"int 33h AX = base|5: copies DAT_0012e64c result bytes from the DOS buffer into dest, *count set; polled by altdev_read_50080"
0x0004fdc0,vfx1_init_4fdc0,"Forte VFX1 headset init (port DAT_0012e624 ""VFX"" env); sets DAT_0012e628"
0x00050080,vfx1_read_tracker_50080,int 33h base|5 (4fd20) into DAT_0012e4a0; on error frees the DOS buffer and returns 0; DAT_0009e43c (VFX1 head tracker) -> DAT_0012e62c/2e/30 = three axis words; DAT_0009e43d (CyberPuck) -> DAT_0012e66a/6c/6e + button byte DAT_0012e670; returns 1
0x00050120,vfx1_driver_cmd_6008_50120,"int 33h AX=6008h with BX = bytes +2/+3 of the driver info block DAT_0012e5f4, only when the head tracker is present; VFX1 driver control call (exact function unknown)"
0x00050180,vfx1_vip_set_palette_50180,"Programs the VFX1 VIP board DAC through index port DAT_0012e624 / data port DAT_0012e61c (set in vfx1_init from the VFX env var, default 0x300): reg 7 = 0xFF, reg 6 mode bits (arg 0 -> |3, 1 -> |1, else |4), reg 9 = 0, reg 10 then 768 palette bytes; from vga_set_palette_302f0"
0x00050220,vfx1_free_dos_buffer_50220,If DAT_0012e628: DPMI 0101h free DOS memory (502c0) and DAT_0012e628 = 0
0x00050250,vfx1_int33_realmode_50250,"DPMI int 31h AX=0300h: simulate real-mode int 33h with the 0x32-byte register block DAT_0012e634 (AX at DAT_0012e650, ECX DAT_0012e64c, EDX DAT_0012e648, DS DAT_0012e656)"
0x000502c0,dpmi_free_dos_mem_502c0,"int 31h AX=0101h free DOS memory block, DX = selector arg"
0x000502f0,dpmi_alloc_dos_mem_502f0,int 31h AX=0100h with BX = (size+15)>>4 paragraphs; outputs segment and selector through the two pointer args; returns segment<<4 (linear address) or 0
0x00050370,vfx1_vip_stereo_enter_50370,"Round 6: was stereo_page_blank_50370; VFX1 VIP card: out 302h 2; out 303h 10h; clears the back buffer (pitch*height) and blits it (320 or VESA); companion of vfx1_vip_stereo_leave_503d0 (303h 1); from stereo_mode_enter_2ff50 (renamed for symmetry, agent4_D.md)."
0x000503d0,vfx1_vip_stereo_leave_503d0,"VFX1 VIP card register write on leaving the 3D view in interlaced-stereo 640 mode: out 302h=2, out 303h=1 (VIP default base 300h+2/+3; opt_interlaced is set only when vfx1_init_4fdc0 succeeds in config_parse_33750 / fe_config_apply_input_device_59330), then clears the back buffer DAT_0012ed74 (DAT_0012ed70*DAT_0012ed78 bytes) and blits it (vga_copy_320x200_610f0 if DAT_0012edae&1 else vesa_copy_banked_4f974); only caller mapmode_palette_save_30350 (mode_3d && opt_interlaced && pitch DAT_0009b5fc==0x280); sibling stereo_page_blank_50370 writes 303h=10h on entry from stereo_mode_enter_2ff50"
0x00050430,fli_wait_frame_50430,"Round 6: was movie_wait_frame_50430; waits until the tick counter DAT_0012eab4 >= the frame delay DAT_0009e704 (unsigned), then resets the counter to 0; aborts on key / click when DAT_0012eabe, on any input change when DAT_0009e44e (sets DAT_0012eabc)."
0x000504f0,fli_mem_read_504f0,Reads n bytes from the in-memory FLI stream pointer DAT_0012eab0 into dest (NULL = skip) and advances the pointer
0x00050520,fli_read_frame_50520,"Round 6: was fli_error_unknown_frame_50520; reads the next frame chunk of the file-stream FLI (fli_play_508f0): 16-byte header into DAT_0012e680, body into the buffer; prints ""ERROR UNKNOWN FRAME TYPE"" only for a bad magic (port_fli.md)."
0x00050600,fli_decode_present_frame_50600,"Round 6: was movie_frame_present_50600; decodes the sub-chunks of a frame (types 4, 7, 11, 12, 13, 15, 16, 18; COLOR256 is applied, not skipped), runs the callback DAT_0012ea9c, waits (fli_wait_frame_50430), applies the palette when DAT_0009e44c and blits (+0x1a40 when the subtitle strip DAT_000938fd is on) (port_fli.md)."
0x000508f0,fli_play_508f0,"Round 6: comment corrected (port_fli.md). fli_play(abort_on_input -> DAT_0012eabe, apply_palette -> DAT_0009e44c, cue script): plays the file whose path is in DAT_0009e708 (12-byte Bullfrog FLIC header, file position DAT_0009e450): per frame cue_script_step_17d80, fli_read_frame_50520, fli_decode_present_frame_50600; loops while frame < frames - 1 (the last frame and the ring frame are never shown) or until aborted (DAT_0012eabc)."
0x000509f0,fli_mem_decode_color256_509f0,"COLOR_256 chunk from the memory stream: packet count, then per packet skip + count bytes and 256 colour triples (always 256 entries)"
0x00050a90,fli_mem_decode_ss2_50a90,"FLI_SS2 (type 7) word-run decoder from the memory stream into DAT_0009e444: line count; per-line words with 0x8000/0x4000 flags (skip lines / last pixel); packets {skip signed count}: negative = replicate word, positive = copy words"
0x00050be0,fli_mem_decode_lc_50be0,"FLI_LC (type 12 DELTA_FLI) decoder: first line, line count; per line packet count; packets {skip signed size}: negative = memset abs(size) bytes, positive = copy"
0x00050d00,fli_mem_decode_brun_50d00,"FLI_BRUN (type 15): DAT_0012eaaa lines of DAT_0012eaa8 pixels into DAT_0009e444; per line packet count then signed counts (negative = literal copy, positive = fill); decompiler dropped the body, asm is clear"
0x00050de0,flic_set_dest_50de0,DAT_0009e45e/60 = x;y
0x00050dfd,flic_play_chunk_50dfd,"Round 6: comment corrected (port_fli.md). Memory-stream FLIC player step (texture animations, main-menu globe / timer, title-02, scroll.dat): reads 4-byte size + 2-byte magic; 0xAF12 -> header (50f36); 0xF1FA -> flic_decode_frame_50e88; returns the next chunk pointer. The only player that can play globe / scroll / timer.dat (their SS2 sizes are wrong)."
0x00050e88,flic_decode_frame_50e88,"Round 6: comment corrected (port_fli.md). Frame header chunk count; decodes only type 7 (SS2, 50f71) and 15 (BRUN, 51024); type 4 (COLOR256) is skipped (50f60)."
0x00050f36,fli_read_file_header_50f36,Reads w/h from FLI header
0x00050f60,fli_skip_chunk_50f60,Skip chunk by size
0x00050f71,fli_decode_ss2_50f71,FLI_SS2 word-run delta decoder
0x00051024,fli_decode_brun_51024,FLI_BRUN byte-run decoder
0x00051ed0,fe_init_state_51ed0,"Round 6: comment corrected (port_frontend.md). Resets all FE globals (state 6 language select; DAT_0012ed29 = 7 if sndsetup.inf present else 0 = run the sound setup); checks the marker c:\carpet.cd\intro.pld (string 0x93148): present -> DAT_0012ed35 bit 1 (intro seen, skippable), missing -> writes an empty marker. language.inf belongs to fe_screen_language_56940."
0x00052070,frontend_menu_loop_52070,Main menu iteration; game_main loops on it until DAT_0009e504 is set.
0x000521c0,fe_screen_config_521c0,State 1: game config screen (gconfig.dat). Sound-setup wizard steps DAT_0012ed29 0..7 (digital card/port/irq/dma/midi card/...)
0x00052980,fe_check_shift_q_quit_52980,If Shift held (key 0x2a DAT_0012ee4a or 0x36 DAT_0012ee56) and last scancode DAT_0012eea0 == 0x10 (Q): DAT_0009e504 = 1 and player[local]+0x340f = 1 (quit to DOS); returns 1 when triggered
0x000529d0,fe_wait_ticks_or_input_529d0,"Loops until n*0x78 ticks of DAT_0012eab4 elapsed, a key/mouse event (DAT_0012ee0a/0c/0e DAT_0012eea0, cleared) or Shift+Q (52980); calls the optional callback each pass (nonzero return ends the wait); used by logo/title screens"
0x00052a70,fe_config_option_valid_52a70,"True if hovered index DAT_0012ed2b is before the ""!"" terminator of the option table"
0x00052ab0,fe_config_draw_52ab0,Draws option list for current step and the input-device sprite (table 0x51e0e 8-byte entries x
0x00052bf0,fe_config_option_table_52bf0,Returns {string ptr
0x00052c40,fe_config_draw_options_52c40,Draws the option table with highlight colours (DAT_0012ed2b hovered DAT_0012ed2a selected)
0x00052e20,fe_config_draw_summary_52e20,"Draws ""%s :"" / ""%s : %s"" summary lines of chosen sound settings"
0x00053070,fe_config_screen_init_53070,Loads sfont0.dat + data/screens/gconfig.dat/.pal; fades in
0x000531e0,fe_config_screen_exit_531e0,Fade out and free config screen resources
0x000532b0,fe_screen_main_menu_532b0,State 2: main menu. Hit-test via mask image byte under cursor (DAT_0012ed26 = item id 1..11); item table 0x5167c (6-byte {handler
0x00053ad0,fe_input_idle_check_53ad0,Returns 1 when mouse/keys unchanged since last call (attract-mode timer)
0x00053b90,fe_menu_select_prev_53b90,Keyboard: previous enabled item
0x00053bc0,fe_menu_select_next_53bc0,Keyboard: next enabled item (wraps 1..11)
0x00053bf0,fe_menu_item_enabled_53bf0,Item 3 needs network (DAT_0009e3c8); 7 and >=8 need slot mode; 11 disabled while game in progress (DAT_0009e500)
0x00053c40,fe_main_menu_animate_53c40,Advances the two FLI animations embedded in the main menu every other frame (frames DAT_0012ecda/ece8)
0x00053d30,fe_main_menu_init_53d30,Loads mmspr.dat sprites (relocated x2 in hi-res)
0x00054010,fe_main_menu_exit_54010,Fade out hide cursor clear free menu resources
0x000540c0,fe_main_menu_draw_overlay_540c0,Draws 6 save-slot names (PTR_s_Game_One_0009e4e8 centred with font DAT_0009e510) in slot mode else the two menu button sprites (6 and 12)
0x000541f0,fe_save_slot_dialog_541f0,Plays intro\scroll.dat lets the user type the slot name (ui_text_input) OK/Cancel buttons; returns 1 to save
0x00054640,fe_text_entry_begin_54640,Clears key state and runs ui_text_input for the slot name
0x000546e0,fe_dialog_draw_buttons_546e0,Redraws dialog background and button sprites
0x00054850,fe_draw_save_slot_names_54850,"DAT_0009e516 = palette_find_nearest_60fc0(0x3f,0x3f,0); ui_push_clip_rect_58930; for slot 0..5: ui_set_clip_rect_588b0 from the 16-byte rect table at 0x51d3c + slot*16, ui_draw_text_58ab0(g_font1, 4, (rect.w - font height)/2, name) with names from the pointer table 0x9e4e8 (Game One .. Game Six); ui_pop_clip_rect_58950; no callers (load/save screen)"
0x00054900,fe_screen_intro_movie_54900,State 0: plays intro\intro.dat FLI (fli_play) frees movie
0x00054ab0,fe_screen_outro_movie_54ab0,State 10: plays intro\outro.dat
0x00054bd0,fe_screen_multiplayer_54bd0,"State 4: multiplayer lobby (pmulti.dat). Level list scroll DAT_0012ed1e (levels 50+) 8 slots DAT_0009e520 (3 bytes each) session name cfg+0x75 ""CARPET%d""; Start -> net_join_session player count -> state+0xa"
0x00055210,fe_multiplayer_draw_slots_55210,Draws 8 player slot sprites (positions table 0x51d1c) with join/ready state animation
0x00055630,fe_multiplayer_init_55630,Loads pmultspr.dat pmulti.pal/.dat font
0x000557c0,fe_multiplayer_exit_557c0,Fade/clear/free; restarts music when returning to menu
0x00055870,fe_multiplayer_refresh_55870,Clears slot state and redraws lobby
0x00055920,fe_lobby_slot_connecting_55920,"NetBIOS progress callback: DAT_0009e522[p*3] = 1, DAT_0012ed10++, redraw slots (55210), draw session name cfg+0x75 centred in clip rect (0xad 0x2a 0x5a 0xf) with font DAT_0009e510, blit; from net_add_name/net_call"
0x000559c0,fe_multiplayer_slot_joined_559c0,Marks slot as joined (DAT_0009e522[n*3]=2) and redraws
0x00055a60,fe_lobby_slot_clear_55a60,Same as 55920 but sets slot state 0 (connection cleared/failed); from net_add_name
0x00055b00,fe_screen_level_result_55b00,"State 5: end-of-level stats (pperf.dat sfont2). Plays levelw1/levelw2 (win) or levelose (lose) FLI then reveals six lines over time (DAT_0012eab4+0x1e..0xb4) with ""% 3d %%"" and ""%dh% 02dm %02ds""; level name from table 0x97490[level]; next state 10 (outro) if level==50 else 2"
0x000563c0,fe_screen_bullfrog_logo_563c0,State 9: intro\logo.dat
0x00056510,fe_screen_intel_logo_56510,State 7: intro\intel.dat
0x00056670,fe_flic_loop_frame_56670,"plays the next flic chunk flic_play_chunk_50dfd(DAT_0012eccc, DAT_0012ed74) and stores the advanced pointer; frame counter DAT_0012ecd0 cycles 1..4, at 5 it restarts from the saved frame-1 pointer DAT_0012ecc8 (captured on the first frame); blits with vga_copy_320x200_610f0 (0xc8 rows) or vesa_copy_banked_4f974 (0x1e0); then busy-waits until g_tick >= start+16 unless a mouse click edge (DAT_0012ee0a/0c/0e) or key (DAT_0012eea0) is pending; no callers"
0x00056730,fe_screen_title_56730,State 8: intro\title-01.dat / title-02.dat
0x00056940,fe_screen_language_56940,State 6: language select (language.dat/.pal langspr.dat): 4 flags -> cfg+0x97 (0 E 1 F 2 G 3 I); writes language.inf; loads data/{e
0x00056e20,fe_confirm_dialog_56e20,Plays intro\scroll.dat and shows Yes(sprite 0x1e)/No(0x24) buttons with optional draw callback; returns 1 on yes
0x00057270,fe_menu_quit_57270,Item 4: confirm dialog; yes -> player record byte +0x340f = 1 and DAT_0009e504 = 1 (quit to DOS)
0x00057331,render_set_buffers_57331,Sets DAT_0012ed74 (frame buffer) and DAT_000adf68 (work buffer).
0x00057350,fe_draw_centred_icon_57350,"gfx_set_clip_window_65c10(0x41,0x4b,0xbd,0x2c); sprite record DAT_0012ec64 + 0x2a (w byte +0x2e, h byte +0x2f) drawn centred on (0xbd,0x2c): ui_draw_sprite_60688 in 320x200 mode, vga_fill_rect_606c0 (the hi-res sprite variant per names.csv) otherwise; restores the clip window. NOTE fe_reset_clip_320x200_573a0 starts mid-instruction (inside the call at 0x5739f); its body is this function's else branch and should be deleted"
0x00057400,fe_menu_multiplayer_57400,Item 3: if network active go to state 4; backs up player record to state+0x2409 and level to cfg+0x13
0x00057450,fe_menu_start_level_57450,Item 11: start current cfg level without confirm (DAT_0009e500=0 state=5 leave FE)
0x00057480,fe_menu_new_or_resume_game_57480,Item 1: if game in progress resume (state 5 leave FE) else confirm -> level 0 clear progress record state+0x3bd6 leave FE
0x00057530,fe_draw_centered_text_57530,Centres a string in the clip rect with font DAT_0009e510
0x00057580,fe_menu_text_dialog_57580,Scroll dialog with two ui_text_input fields then returns to main menu (state 2)
0x000578a0,fe_dialog_draw_title_a_578a0,Dialog draw callback: restores background then centres the string pointed to by DAT_000add70 at y=10 with font DAT_0009e510 in the current text clip rect
0x00057930,fe_dialog_draw_title_b_57930,Identical to 578a0 but draws the string pointed to by DAT_000add74
0x000579c0,fe_fli_composite_bg_579c0,FLI frame callback (DAT_0012ea9c in 57580): for 64000 pixels of DAT_0012ed74 replaces colour 0 with the pixel of a background buffer (register arg)
0x000579f0,fe_build_bright_table_579f0,Builds 256-entry brightened remap table via palette_find_nearest
0x00057af0,fe_sndsetup_read_57af0,Reads c:%s\sndsetup.inf / sndsetup.dat (SOUNDFX= / MUSIC= lines) into DAT_0012eb00.. strings; returns nonzero if present
0x00057cc0,fe_input_poll_57cc0,Converts raw keys/mouse/joystick into edge-triggered FE flags DAT_0012ec44..48 and cursor DAT_0012ec3c/3e; input mode DAT_0012ed2f (0 none 1 keyboard 2 mouse)
0x00058290,ui_text_edit_field_58290,Front-end text entry loop: scancode->ASCII via table 0x51E55 (allowed 0x51D9B; shift DAT_0012ed35&0x20); Backspace 0x0E; Enter 0x1C; Esc 1; Del 0x53; redraw via callback; clears key/mouse state on exit
0x00058820,ui_str_prepend_58820,Inserts src in front of dest: memmove(dest+strlen(src) dest strlen(dest)+1) then copies src; returns dest; text-edit helper
0x00058880,ui_str_delete_at_58880,Deletes the character at index pos: memmove(s+pos s+pos+1 strlen(s+pos)); text-edit helper
0x000588b0,ui_set_clip_rect_588b0,Sets DAT_0012ead0/d4/d8/dc/e0/e4 (x x2 y y2 w h)
0x000588f0,ui_get_clip_rect_588f0,Copies the six text clip-rect dwords DAT_0012ead0..eae4 (x x2 y y2 w h) into the caller's struct; callers use it for centring
0x00058930,ui_push_clip_rect_58930,Saves clip rect to DAT_0012eae8
0x00058950,ui_pop_clip_rect_58950,Restores clip rect
0x00058970,ui_text_width_58970,Pixel width of widest line (sum of glyph w-1)
0x000589d0,ui_font_init_589d0,Font struct {glyph tab ptr +4 flags=3 +6/+7 colours via palette_find_nearest}
0x00058ab0,ui_draw_text_58ab0,Draws string with font struct (ctrl codes: 1 colour1 2 colour2 3/4 5/6 flags 10 newline); glyphs 6-byte entries {u32 off u8 w u8 h}
0x00058ba0,ui_draw_glyph_58ba0,Span-encoded glyph blit with clip rect DAT_0012ead0..eadc and colour remap (1->font+6 2->font+7)
0x00058f30,ui_font_relocate_glyphs_58f30,For each 6-byte glyph entry between font+0 and font+4 (end) adds the base (font+8) to the u32 offset when offset < base (one-time pointer fix-up); from ui_font_init_589d0
0x00058f60,fe_savegame_read_names_58f60,Opens save\carpet%02X.gam 0..5 checks version 4 reads 0x14-byte slot name into 0x9e4e8 table
0x00059030,fe_savegame_load_59030,Loads save slot: ver u32(=4) name[0x14] cfg+0x1d[0x20] cfg+0x3d[0x20] state+0x2195[0xc] checksum u32 state+0x3bd6[0x18] DAT_0012ed30 DAT_0012ed31 state+0x2195[0xc]; level = checksum/4-ed30-ed31
0x000591d0,fe_savegame_save_591d0,Writes the same record with crt_write
0x00059330,fe_config_apply_input_device_59330,Sets DAT_0009e583 from page flags: bit2 digital joystick (joystick_digital_init 0x24) bit1/0x20 analog (joystick_analog_calibrate 60x30) bit8 VFX1 (vfx1_init_4fdc0 -> state+0x219e)
0x000593c4,fe_highlight_masked_item_593c4,Copies background to back buffer remapping pixels whose mask byte == item id through the bright table (hover highlight)
0x0005940c,gfx_fill_rect_clipped_5940c,"Fills a w x h rect at (x y) with a colour in DAT_0012ed74 clipped to the sprite clip window (DAT_0012ed80/90/98/a4/a8/88, pitch DAT_0012ed70); modes (arg & 3) 1..3 return without drawing; text cursor of ui_text_edit_field"
0x00059500,mem_init_pools_59500,"Memory budget by largest free block: sets DAT_0009e328 class state+0x21a0 texture block size 16/32 (block16.dat/block32.dat) disables music/sound when <1MB; ""ERROR : NOT ENOUGH MEMORY."""
0x00059760,mem_check_lowmem_59760,DAT_0009e55c = low-memory flag
0x00059810,mem_grow_check_59810,ERROR : UNABLE TO GROW MEMORY.
0x00059860,mem_set_owner_tag_59860,Sets DAT_0009e560 used by subsequent allocs
0x00059870,mem_alloc_59870,Best-fit allocator over block list at 0x130120 {ptr;size;next;?;used}; zeroes block
0x000598f0,mem_alloc_low_598f0,Same but only from regions with a real-mode address (DOS memory): VESA info buffer network buffers
0x00059980,mem_split_block_59980,Splits a block (uses free node from table)
0x00059a10,mem_free_59a10,Marks block free and merges neighbours
0x00059a60,mem_free_coalesce_59a60,"Finds the block node whose ptr == arg in the list at 0x130120, clears the owner tag (+0x10), calls mem_split_block_59980, then merges every free node with its successor (mem_merge_next_59b90) and updates stats (622a8); returns 1"
0x00059ad0,mem_shrink_block_59ad0,Shrinks a block to new size giving the tail to the next free block
0x00059b90,mem_merge_next_59b90,Merges block with following free block of same type
0x00059bd8,joy_calibrate_digital_59bd8,Times axes once; DAT_0012ed40=2; thresholds DAT_0012ed4a/46/4c/48
0x00059c53,joy_read_digital_59c53,Times port 201 axes; DAT_0012ed42/44 = -1/0/1 vs thresholds; DAT_0012ed6a = raw buttons
0x00059d0e,joy_detect_59d0e,out 201; waits axes to settle; DAT_0012ed40 = joystick A present; DAT_0012ed41 = B present
0x00059d8d,joy_read_raw_axes_59d8d,"joy_poll_axes_59fad then stores raw counts DAT_0012ed42/44 (x y) and DAT_0012ed56/58 (axes 3/4), buttons DAT_0012ed6a; used by analogue calibration"
0x00059dc7,joy_read_analog_59dc7,Uses 59fad then scales (DAT_0012ed52/4e/54/50 >>11) to -128..128 into DAT_0012ed42/44; DAT_0012ed6a = buttons & F0
0x00059fad,joy_poll_axes_59fad,out 201 0x10 and waits until axis bits (3 or F) clear
0x0005a010,joy_init_digital_5a010,digijoy config: detect + digital calibrate
0x0005a060,joy_init_analog_5a060,"anojoy/""anojoy4"" config: detect + analog calibration (776 bytes)"
0x0005a370,joy_calibrate_prompt_5a370,"Calibration prompt loop: redraw config screen (fe_config_draw_52ab0) + highlight rect (vga_fill_rect), poll digital joystick, blit; waits for button bit 0x10 of DAT_0012ed6a to be released then pressed, vsync between; from joy_init_digital/analog"
0x0005a4e0,input_joystick_poll_5a4e0,Reads joystick (DAT_0009e583 type bits 1=analog 2=digital 0x20=4-button; DAT_0012ed40 mode) via 59dc7/59c53; maps axes to arrow-key flags 0x12EE68/70/6B/6D or (button 0x40) to mouse pos; buttons 0x10/0x20 -> left/right mouse events; param_5!=0 = cursor mode with clamp rect (param_6..9) and step (param_10/11); also alt device (DAT_0009e43c) via 50080
0x0005ac80,cpu_detect_5ac80,"Confirmed: 5ace8 -> cpu_identify_5ad03 + cpu_detect_fpu_5adfe; cfg+8 = (CPU family DAT_0009e59c == 5), i.e. Pentium"
0x0005ace8,cpu_detect_all_5ace8,"pushes eax..ebp + flags, cpu_identify_5ad03 then cpu_detect_fpu_5adfe, restores; from cpu_detect_5ac80"
0x0005ad03,cpu_identify_5ad03,"Intel CPUID sample code: EFLAGS AC bit (0x40000) toggle -> 386 (DAT_0009e59c=3) vs 486 (4); ID bit (0x200000) -> CPUID(0) vendor at DAT_0009e5aa ('GenuineIntel' -> DAT_0009e59d=1), CPUID(1) -> DAT_0009e5a6, family DAT_0009e59c, model DAT_0009e59e, stepping DAT_0009e59f, DAT_0009e5b6 = CPUID present"
0x0005adfe,cpu_detect_fpu_5adfe,"FNINIT/FNSTCW: DAT_0009e5a4 = control word 0x37f, DAT_0009e5a0 = FPU present; on a 386 distinguishes 287 (DAT_0009e5a1=2) from 387 (=3) by the +inf == -inf test"
0x0005ae80,file_load_resource_list_5ae80,"Round 6: was mem_alloc_named_5ae80; loads a 0-terminated list of 0x2c-byte ResourceRec records {name[0x1c], dest*, end*, size, flags}: frees what is loaded, then file_load_resource_65eb0 per record ('*Name' = allocate size bytes, else load the RNC file); prints ""ERROR: Allocation %s."" and waits for return on failure; returns the error count. Lists: 0x96df0 (data), 0x97058.. (language texts), 0x971b8 / 0x97210 (atlas + sky), 0x97294 / 0x97370 (screen buffers + HUD sprites); see carpet_types.txt."
0x0005af2c,dos_get_current_drive_5af2c,(int* out): int 21h AH=19h; *out = AL + 1 (1 = A:); returns 0; from dos_is_cdrom_drive_10010
0x0005af44,dos_set_current_drive_5af44,"(drive 1-based, int* out): int 21h AH=0Eh DL = drive-1; *out = AL (number of logical drives); returns 0; no callers"
0x0005af62,dos_get_disk_free_5af62,int 21h AH=36h (drive in DL): fills {sectors/cluster free clusters bytes/sector total clusters} (4 u16) or returns errno on AX=-1; from init_early_3c800 and 10010
0x0005afa0,vga_restore_text_mode_5afa0,int 10h with saved mode DAT_0012edac
0x0005afd0,mem_set_5afd0,memset(dest
0x0005aff2,crt_rand_seed_ptr_5aff2,returns &DAT_0009e5c8 (rand seed) for crt_rand_5aff8 / crt_srand_5b01a
0x0005aff8,crt_rand_5aff8,ANSI rand(): seed = seed*0x41C64E6D + 0x3039 (seed pointer from 5aff2); returns (seed>>16) & 0x7fff; from 14c70
0x0005b01a,crt_srand_5b01a,"srand(seed): seed pointer from FUN_0005aff2 (returns &DAT_0009e5c8, shared with crt_rand_5aff8); if non-null *p = seed; no callers"
0x0005b02a,crt_printf_5b02a,printf (va wrapper around crt_vfprintf_core with stdout FILE 0xa2856)
0x0005b050,mouse_cursor_draw_vram_5b050,Same as 5b35c but writes to A0000 with VESA bank switching
0x0005b35c,mouse_cursor_draw_5b35c,Saves background under cursor into both save buffers and blits cursor (0xFE transparent) into DAT_0012ed74
0x0005b560,mouse_cursor_restore_vram_5b560,Restores background in A0000 with bank switching
0x0005b740,mouse_cursor_restore_5b740,Copies saved background back into DAT_0012ed74
0x0005b7f8,mouse_cursor_hide_for_blit_5b7f8,Sets DAT_0009e5d4=1 (blit in progress
0x0005b824,mouse_cursor_restore_unlock_5b824,If a mouse is present restores the saved background (5b740) and clears the blit lock DAT_0009e5d4; no callers
0x0005b850,mouse_cursor_unhide_5b850,Clears DAT_0009e5d4.
0x0005b86c,mouse_event_callback_5b86c,"int 33h event callback (far, retf): mask -> DAT_0012ede0, x/y (>>3 in 640x480) clamped to DAT_0009e5dc/de, press edges DAT_0012ee0e/0c/0a + click pos DAT_0009e5d8/da, held DAT_0012ee14/12/10, redraws cursor unless DAT_0009e5d4"
0x0005ba5c,mouse_cursor_set_sprite_5ba5c,Draws sprite param_5 into the 64x64 cursor buffer (hotspot from sprite+4/+5 -> DAT_0012edf4/f6; halved in mode 1)
0x0005bc14,input_mouse_init_5bc14,int33 fn0 reset; fn0C install event handler LAB_0005b86c mask 0x7F; allocs 3x0x1000 cursor buffers (DAT_0012edf8 sprite filled 0xFE=transparent; DAT_0012edc8/DAT_0012edb8 save-under); fn2 hide; fn0F mickeys if mode&8; DAT_0009e5e4 = mouse present
0x0005bdd4,mouse_shutdown_5bdd4,int 33h fn 0 (reset driver) through dos_int86_61f30; mem_free_59a10 of the cursor buffers DAT_0012ede8 / 0012edf8 / 0012edc8 / 0012edb8 when allocated; DAT_0009e5e4 (mouse present) = 0; no callers
0x0005be68,mouse_set_range_5be68,"int 33h fn 7/8 (set horizontal/vertical range) by DAT_0012edae: 8 -> 0..0x1400 x 0..0xF00 (8x 640x480), 2 -> 640x480, 4 and 1 -> 640x400; from input_mouse_init and the two vga_set_mode functions"
0x0005bfd0,input_keyboard_install_stub_5bfd0,"empty function (prologue, sub esp 0, epilogue); video_input_init_3ed60 calls it in place of input_keyboard_install_4fb46 when g_cfg->flags & 8 (skip-game mode)"
0x0005bfe4,input_keyboard_restore_stub_5bfe4,empty function; game_shutdown_3ee70 calls it in place of input_keyboard_restore_4fb85 when g_cfg->flags & 8
0x0005bff8,input_bios_read_key_ascii_5bff8,"calls the BIOS keyboard poll at 0x6622c (not a function in the export: int 16h AH=12h shift state -> DAT_0012eea1 bits 1 shift 2 ctrl 4 alt, AH=11h/10h -> scancode in DAT_0012eea0) then returns DAT_0009e5e8[DAT_0012eea0] (scancode -> ASCII table) when the scancode < 0x80, else 0; no callers"
0x0005c040,sound_stop_all_5c040,Stops all 32 channels (loops 6291e/65485)
0x0005c0a0,music_play_track_5c0a0,"Round 6: comment extended (port_audio.md). If music on and track <= DAT_0009e316 and != current (DAT_0009e312): stop current; channel mapping off (snd_midi_set_flag_5e4ee(0)); point the HMI song at tab[track*0x20+0x12]; init (5e53a, track map 0x9e65c) + start (5eab0, timer at header+0x38 Hz); prints ""Error : %s"" on failure. Songs do not loop: music_update_1f800 restarts them."
0x0005c264,fli_file_play_5c264,"Round 6: no reference anywhere in the image (rel32 and absolute dword scan, port_fli.md): dead code. file-stream FLI player (hand-written asm, 0x5c264-0x5c40a, frame pointer ebp; args [ebp+8] file, [ebp+0xc] apply-palette flag -> DAT_0009e6fc): sets DAT_0009e6fa=1, reads chunks per frame via fli_file_decode_frame_chunks_5c40b, applies COLOR_256 palettes via fli_file_apply_color256_5c594 at 0x5c36a."
0x0005c40b,fli_file_decode_frame_chunks_5c40b,"per-frame chunk loop of the file-stream FLI player fli_file_play_5c264 (asm, 0x5c264-0x5c40a): type switch at 0x5c479 dispatches COLOR_256 / delta / copy chunks; File-streamed FLI player (no callers): reads the 2-byte frame count DAT_0009e6e8 and 8 header bytes into DAT_000adf68, then per frame 4-byte size + 2-byte type and dispatch (5c54f); decoders 5c609/5c6e0/5c787 write to DAT_0012ed74; older sibling of fli_play_508f0"
0x0005c4ce,fli_file_read_header_5c4ce,"Reads the header into DAT_000adf68 and stores width DAT_0009e6de, height DAT_0009e6e0, depth DAT_0009e6e2"
0x0005c513,fli_file_read_chunk_to_work_5c513,"fli_stream_read_5cac0(fd DAT_0009e700, g_work, chunk size DAT_0009e6e4 - 6): reads the body of the current FLI chunk into the 64 KB work buffer; file-stream FLI player; no callers"
0x0005c531,fli_file_read_chunk_to_screen_5c531,"fli_stream_read_5cac0(DAT_0009e700, DAT_0012ed74 back buffer, DAT_0009e6e4 - 6); from fli_file_play_5c40b"
0x0005c54f,fli_file_read_chunk_to_work_5c54f,byte-identical duplicate of 5c513 (work buffer target); from fli_file_play_5c40b
0x0005c56d,fli_file_read_color256_5c56d,"Round 6: was fli_file_skip_chunk_5c56d; reads the COLOR_256 chunk body (size - 6 bytes, size DAT_0009e6e4) of the dead file-stream player into [DAT_000adf8c] (*PalData) and sets DAT_0009e73a = 1 (palette pending); not a skip (agent4_D.md, disassembly 0x5c56d)."
0x0005c594,fli_file_apply_color256_5c594,"File-stream FLI player: called once per frame from the asm player loop at 0x5c264 (not a Ghidra function) at 0x5c36a when DAT_0009e73a==1 (set by fli_file_skip_chunk_5c56d after it read a type-4 COLOR_256 chunk into [DAT_000adf8c]); clears the flag and, if the player's apply-palette argument DAT_0009e6fc ([ebp+0xc] of 0x5c264) == 1, decodes the packets (word count; per packet skip byte, count byte, count RGB triples into the 768-byte palette [DAT_000adf7c] + skip*3) and calls vga_set_palette_302f0(palette) with CX=0x300; the decompiler pruned the body because the only write to DAT_0009e6fc is in non-function code, so Ghidra folded it to constant 0 - the asm switch-free body is verified"
0x0005c609,fli_file_decode_ss2_5c609,FLI_SS2 word-run delta decoder from the file stream into DAT_0012ed74 (pitch DAT_0009e6e0): line count then per-line packet words with 0x8000/0x4000 flags
0x0005c6e0,fli_file_decode_lc_5c6e0,"FLI_LC (type 12) decoder: start line, line count; per line packet count; packets {skip signed count}: negative = fill, positive = copy"
0x0005c787,fli_file_decode_brun_5c787,"FLI_BRUN decoder for DAT_0009e6e2 lines of DAT_0009e6e0 pixels: signed packet counts (positive = replicate, negative = literal copy)"
0x0005c813,fli_file_wait_frame_5c813,"Frame pacing via int 21h AH=2Ch (DX = seconds:hundredths): spins until hundredths - DAT_0009e6f4 >= DAT_0009e704 (frame delay), wraps at 6000"
0x0005c870,music_load_bank_5c870,Loads data/music%d-%d.dat/.tab then 5c924
0x0005c924,music_bank_relocate_5c924,Walks the 0x20-byte records of music.tab (DAT_0012dfe0+0x20 .. DAT_0012dfe4) adding the data base DAT_0012dfe8 to +0x12 and counts them into DAT_0009e316 (track count); decompiler emitted an empty body
0x0005c990,sound_load_bank_5c990,Loads data/snds%d-%d.dat/.tab via file_load_resource then parses (5ca58)
0x0005ca58,sound_bank_relocate_5ca58,"Same for the sample bank: records DAT_0012e1d4+0x20 .. DAT_0012e240, base DAT_0012e1b0 added to +0x12, count -> DAT_0012e246"
0x0005cac0,fli_stream_read_5cac0,"If a preloaded buffer DAT_0009e844 exists copies n bytes from DAT_0009e848 (advancing, bounded by end DAT_0009e84c and position DAT_0009e850) else file_read_61a40(fd dest n); shared by the file FLI decoders"
0x0005cb50,fli_stream_preload_5cb50,"crt_read(fd DAT_0009e844 n) loads the whole file into the preload buffer; DAT_0009e848 = buffer, DAT_0009e84c = bytes read, DAT_0009e850 = 0; from cue_script_step_17d80"
0x0005cbb0,sound_play_sample_5cbb0,Same as 4f8a0 but skips if (owner;sample) already playing; flags 0x4100; volume 0x7FFF
0x0005cd60,sound_play_sample_loud_5cd60,"Starts (owner sample) on the first free HMI channel at volume 0x7FFF (flags 0x100), records DAT_0012e070/0f0; no duplicate check; from cue_script_step_17d80"
0x0005cea0,sound_stop_sample_5cea0,Stop the channel playing (owner;sample)
0x0005cf2f,stub_noop_5cf2f,empty function (prologue/epilogue only) between sound_stop_sample_5cea0 and music_song_done_5cf40; HMI callback placeholder; no callers
0x0005cf40,music_song_done_5cf40,Checks song handle table 0x9F9EE[track]==0
0x0005cf79,stub_noop_5cf79,empty function between music_song_done_5cf40 and snd_timer_init_5cf9b; no callers
0x0005cf9b,snd_timer_init_5cf9b,HMI timer system init (sosTIMERInitSystem)
0x0005d060,snd_timer_remove_event_5d060,sosTIMERRemoveEvent
0x0005d093,hmi_timer_add_event_5d093,HMI timer system: 16 slots (0xA3C59 callback; 0xA3CB9 rate Hz; 0xA3CF9 = rate<<16 / (0x1234DC/divisor)); raises PIT rate (5d57b) if needed
0x0005d235,hmi_timer_set_event_rate_5d235,"sosTIMERAlterEventRate: slot < 16 and active -> mask IRQ0, DAT_000a3cb9[slot] = Hz; if 0x1234DC/Hz < divisor DAT_000a3c55 raise the PIT rate (5d57b); recompute DAT_000a3cf9[i] = (Hz<<16)/(0x1234DC/divisor) for all active slots (0xff00 = full rate), zero accumulators DAT_000a3d39; unmask; returns 0 or error 10"
0x0005d3a9,hmi_timer_remove_event_5d3a9,Clears slot; recomputes max rate
0x0005d558,hmi_timer_get_event_rate_5d558,Returns DAT_000a3cb9[slot] (event rate in Hz)
0x0005d57b,hmi_timer_set_rate_5d57b,DAT_000a3c55 = divisor; program PIT
0x0005d5a9,hmi_timer_dispatch_events_5d5a9,"far routine (retf): per-PIT-tick service of the HMI timer system: for i in 0..15 with callback DAT_000a3c59[i*6] (or flag word at +4) non-zero: accumulator DAT_000a3d39[i] += increment DAT_000a3cf9[i]; when bit 16 (byte +2 & 1) is set clear the high word, set the current event id DAT_000a3d89 from DAT_000a3d79[i] (unless 0xff) and call the callback; loop index in DAT_0012eec0"
0x0005d69b,hmi_midi_send_event_5d69b,"sosMIDI channel-steal sender for a 3-byte MIDI event (GS:ptr) on driver idx (fn table DAT_0009f91a + idx*0x24). DAT_000a2481 == 0: pass-through scaling controller 7 by DAT_000a2565>>7. Else maps logical channel to physical via DAT_000a1847, allocates a free physical channel (DAT_000a2515 enabled / DAT_000a1b17 owner) or steals the lowest priority DAT_000a1ac7, re-sends program/bend/volume/pan from DAT_000a1bba/b8/b9/bb, channel 9 (drums) fixed; returns 0 ok / -1 no channel / 1 passthrough"
0x0005e0d9,snd_midi_reset_channels_5e0d9,All notes off / reset controllers per track
0x0005e4b8,hmi_midi_send_event_5e4b8,"sosMIDISendMIDIData: calls MIDI driver function 0 (far ptr at DAT_0009f91a + handle*0x24) with (handle, event ptr, word, dword); game callers set a 3-byte MIDI message at DAT_000acb60 first"
0x0005e4ee,snd_midi_set_flag_5e4ee,Swap global DAT_000a2481
0x0005e518,hmi_lock_marker_5e518,"empty HMI marker function; DPMI lock region 0x5e529..0x5f02b (= marker+0x11 .. next marker, 0xb02 bytes: snd_midi_init_song_5e53a .. snd_midi_set_volume_5ef56) in snd_hmi_lock_code_5f04d"
0x0005e53a,snd_midi_init_song_5e53a,"sosMIDIInitSong (""HMIMIDIP"" header)"
0x0005ea6d,snd_midi_clear_song_slot_5ea6d,Clear song slot
0x0005eab0,snd_midi_start_song_5eab0,sosMIDIStartSong (registers timer event)
0x0005eb38,snd_midi_stop_song_5eb38,sosMIDIStopSong
0x0005ec41,snd_midi_song_setup_5ec41,Track pointers setup
0x0005eedf,snd_midi_read_varlen_5eedf,MIDI variable-length read
0x0005ef56,snd_midi_set_volume_5ef56,Round 6: comment extended (port_audio.md). Master volume: CC7 = master * 0x7f >> 7 on all 16 channels (channel mapping off).
0x0005f02b,hmi_lock_marker_5f02b,"empty marker; ends region 0x5e529 and starts region 0x5f03c..0x6010c (0x10d0: lock/unlock lists, snd_midi_init/uninit_system, init/uninit_driver, all_notes_off)"
0x0005f04d,snd_hmi_lock_code_5f04d,Locks interrupt-time code/data regions (dpmi_lock_region list)
0x0005f47f,snd_hmi_unlock_code_5f47f,Unlocks the same list
0x0005f8b1,snd_midi_init_system_5f8b1,sosMIDIInitSystem
0x0005fa4d,snd_midi_uninit_system_5fa4d,sosMIDIUnInitSystem
0x0005fa77,snd_midi_init_driver_5fa77,sosMIDIInitDriver
0x0005ff24,snd_midi_uninit_driver_5ff24,sosMIDIUnInitDriver
0x00060035,snd_midi_all_notes_off_60035,Controllers 0x79/0x7b on 16 channels
0x0006010c,hmi_lock_marker_6010c,empty marker; end of lock region 0x5f03c+0x10d0 (last sosMIDI code before crt_sprintf_603bc)
0x000603bc,crt_sprintf_603bc,vsprintf (6a0e6) + NUL terminate; 45 callers
0x000603f0,vga_draw_box_603f0,Four calls of 6abbc = rectangle outline (hi-res variant; 0x604c0 = lo-res).
0x000604c0,vga_draw_rect_outline_640_604c0,"CONFIRMED (correcting both comments): four gfx_fill_rect_clipped_6acd4 edges; 6acd4 writes at pitch 0x280 with unscaled coords = 640x480 (hi-res) variant. 603f0 (via 6abbc, coords >>1 onto pitch 0x140) is the 320x200 variant, so its comment 'hi-res variant' is reversed"
0x00060590,gfx_fill_rect_320_60590,Unclipped fill coords halved pitch 320
0x00060610,gfx_fill_rect_640_60610,Unclipped fill pitch 640
0x00060688,ui_draw_sprite_60688,"CORRECTED: not a rect fill. (x, y, sprite record*) -> vga_draw_sprite_spans_6070d(record->data, w = rec[4], h = rec[5], x, y, 0, 0) into DAT_0012ed74; byte-identical duplicate of 606c0 (which is also misnamed vga_fill_rect)"
0x000606c0,vga_fill_rect_606c0,FUN_6070d(x y w h colour)
0x000606f8,vga_draw_sprite_spans_lo_606f8,Thin wrapper of 6070d.
0x0006070d,vga_draw_sprite_spans_6070d,2D span-encoded sprite blitter into DAT_0012ed74 (pitch DAT_0012ed70): byte n>0 copy n pixels
0x00060f3c,gfx_put_pixel_320_60f3c,Bounds-checked pixel (coords halved)
0x00060f7c,gfx_put_pixel_640_60f7c,Bounds-checked pixel 640x480
0x00060fc0,palette_find_nearest_60fc0,Nearest palette index for RGB (16 entries in 16-colour modes)
0x000610c0,file_free_resource_list_610c0,Frees every record of a list
0x000610f0,vga_copy_320x200_610f0,rep movsd 16000 dwords from DAT_0012ed74 to 0xA0000.
0x00061130,vesa_get_mode_info_61130,4F01 into DOS buffer DAT_0012ef00; granularity to DAT_0012ef04
0x00061208,vesa_set_mode_61208,int10 AX=4F02 BX=mode then 61130
0x0006126c,vesa_set_bank_6126c,int 10h AX=4F05 window A/B set to (bank<<6)/granularity; also resets DAC index for out-of-range banks.
0x00061300,vesa_get_info_61300,"4F00 and strncmp ""VESA"""
0x000613e0,vga_set_mode_13h_613e0,int10 AX=0x13; width 320 height 200; set palette
0x00061480,vga_set_mode_640x480_61480,int10 0F00 saves original mode in DAT_0012edac; width 640 height 480; vesa_set_mode(0x101); set palette; 5be68
0x00061510,vga_palette_fade_61510,MISNAMED as timer_sync: reads DAC (3C7/3C9) into 0x12EF10 and blends towards target palette (param_5; default 0x12F210 = black) over param_6 steps; param_7!=0 = incremental one step per call (DAT_0009e860 = in-progress); each step waits vsync (65b10) and writes DAC via 302f0
0x00061718,vga_palette_fade_reset_61718,Sets DAT_0009e860=0 (abort/finish incremental fade)
0x00061730,crt_stricmp_wrap_61730,"stack wrapper: re-pushes (s1, s2) and calls crt_stricmp_61745; public stricmp/strcmpi entry over the internal worker"
0x00061745,crt_stricmp_61745,Case-insensitive compare (ASCII fold)
0x00061786,crt_atoi_61786,Skips whitespace (ctype table 0x937B4); optional sign; digits
0x000617e0,sound_shutdown_617e0,Stop samples uninit digital driver/system free bank
0x00061870,music_shutdown_61870,Stop song; uninit MIDI driver (5ff24/5fa4d); remove timer; free
0x00061978,mem_free_stub_61978,HMI-style frame (push ebx/esi/edi/ebp) that frees its single stack arg via mem_free_59a10; called only by music_shutdown_61870 (releases the music/driver buffer)
0x000619a0,file_open_619a0,open (66296); returns -1 on failure (mode 0x222 creates)
0x00061a10,file_close_61a10,close via 664de
0x00061a40,file_read_61a40,read(handle; buf; len)
0x00061a80,crt_lseek_wrap_61a80,lseek
0x00061ab0,rnc_unpack_61ab0,RNC ProPack method 1 decompressor (magic 'RNC' 0x01)
0x00061c44,bswap32_61c44,Big-endian u32 read
0x00061c4d,rnc_huff_decode_61c4d,Huffman symbol decode
0x00061c90,rnc_get_bits_61c90,Bit reader
0x00061d13,rnc_huff_build_61d13,Huffman table build
0x00061db0,file_save_61db0,open/write/close; -1 on failure
0x00061e20,file_write_61e20,write(handle; buf; len)
0x00061e53,crt_access_wrap_61e53,"stack wrapper: re-pushes (path, mode) and calls crt_access_61e68 (int 21h 4300h)"
0x00061e68,crt_access_61e68,int 21h 4300h get attributes
0x00061ea6,crt_mkdir_61ea6,int 21h 39h
0x00061ec8,vga_read_palette_61ec8,out 3C7=0; in 3C9 x768 into buffer
0x00061eec,file_length_61eec,lseek end / restore
0x00061f30,dos_int86_61f30,Generic real-mode interrupt call through DPMI (65888/658b2); register block in param_1 (EAX first); int number passed in a register
0x00061f80,mem_pool_init_61f80,Allocates DOS memory regions (dos_alloc_dos_memory) into region table 0x12f520 (12-byte) and block table 0x130120 (18-byte nodes)
0x000622a8,mem_stats_622a8,Walks block list: total/free/used/largest/smallest into 0x131320..0x131330 (used by debug overlay)
0x0006239c,dos_alloc_dos_memory_6239c,DPMI 0x0100 via int386; returns seg:sel
0x00062410,dos_free_all_dos_memory_62410,Frees all regions in 0x12f520
0x0006248c,dos_free_dos_memory_6248c,DPMI 0x0101
0x00062542,crt_startup_62542,DOS/4GW startup (int 21h/31h DPMI 0x101) before __CMain
0x0006275c,crt_fatal_error_6275c,Writes message (int 21h 40h) and terminates
0x00062794,crt_null_stub2_62794,Empty hook
0x0006279e,crt_null_stub_6279e,Empty hook
0x0006279f,crt_exit_6279f,exit()
0x000627b9,crt__exit_627b9,_exit: fini rtns + int 21h 4Ch
0x000627d0,sound_set_sample_volume_627d0,Set target volume (0..0x80) for (owner;sample): HMI volume + table 0x97078
0x00062893,hmi_lock_marker_62893,empty marker; sosDIGI lock region 0x62893..0x628fc (0x69 bytes: sound_count_playing_628a4) in hmi_digi_lock_code_63f76
0x000628a4,sound_count_playing_628a4,Active channel count
0x000628fc,hmi_lock_marker_628fc,"empty marker; region 0x6290d..0x62a60 (0x153: hmi_sample_done_6291e, hmi_sample_is_playing_629ba)"
0x0006291e,hmi_sample_done_6291e,Searches driver's 32 slots for sample id; 1 if not playing
0x000629ba,hmi_sample_is_playing_629ba,"(hDriver, sample id): scans the 32 channel far ptrs DAT_001315a4 + h*0xc0 + i*6 for channel +0x34 == id; returns 1 if flags +0x30 bit 0x8000 (playing, cleared by hmi_stop_sample_65485) is set and bit 0x1000 (+0x31 & 0x10) is clear, else 0; complement of hmi_sample_done_6291e"
0x00062a80,sprite_table_relocate_x2_62a80,Adds base to 6-byte sprite tab offsets and doubles w h (hi-res)
0x00062ad0,sprite_table_relocate_62ad0,Adds base to offsets
0x00062b10,sprite_table_unrelocate_half_62b10,Inverse of 62a80
0x00062b90,sprite_table_unrelocate_62b90,Inverse of 62ad0
0x00062bc8,crt_strnicmp_62bc8,Length-limited case-insensitive compare
0x00062c2c,isr_chain_old_vector_62c2c,asm tail used by the game ISRs and HMI: far-jumps to the saved interrupt vector pushed by the caller (timer_isr_4ac03 chains BIOS int 8 through it); not a CRT lock stub
0x00062c4d,dos_outb_62c4d,out(port; value)
0x00062c57,dos_getvect_62c57,int21 AH=35h (or 2502h under DOS/4GW) get interrupt vector
0x00062c8b,dos_setvect_62c8b,int21 AH=25h (or 2504h) set protected-mode interrupt vector
0x00062cc0,crt_fopen_mode_62cc0,Parse r/w/a + b t
0x00062d76,crt_fopen_core_62d76,__doopen
0x00062e79,crt_fopen_62e79,fopen
0x00062ea8,crt_fopen_wrap_62ea8,fopen wrapper
0x00062ebf,crt_freopen_find_stream_62ebf,"freopen/_fsopen prologue: looks the FILE up in __OpenStreams DAT_001319f4 (if still open, _flag & 3, crt_doclose_63058(fp,1) keeps the node) else in the closed-stream list DAT_00131460 (unlinks and pushes it onto the open list); unknown FILE -> errno = 4 (EBADF, Watcom numbering) and 0; returns fp. Identifies DAT_00131460 as __ClosedStreams"
0x00062f57,crt_fprintf_62f57,fprintf
0x00062f7c,crt_fclose_byfd_62f7c,Find FILE by fd and close
0x00062fa9,crt_fclose_62fa9,fclose
0x00062fcf,crt_tmpnam_digit_62fcf,Digit->char for tmpnam
0x00062fdf,crt_tmpnam_62fdf,"Builds ""t_XXXX.tmp"""
0x00063058,crt_doclose_63058,flush + close
0x000630ff,crt_scnf_cget_file_630ff,"scanf input callback for FILEs: specs+8 = FILE*, specs+0x10 bit 2 = end-of-input; fast path takes the buffered char directly unless the FILE has _UNGET (flag 4) or the char is CR/0x1a (text-mode handling), otherwise crt_fgetc_6c023; EOF (-1) sets the eoinp bit"
0x00063169,crt_sscanf_63169,sscanf
0x000631a5,crt_sscanf_wrap_631a5,sscanf wrapper
0x000631ca,crt_getenv_631ca,"CONFIRMED real getenv: walks _environ DAT_000a46c0, crt_strnicmp_62bc8 on the name length and requires '=' right after; returns pointer past '='. The old 'returns 0' note was a decompiler artefact"
0x00063225,crt_scnf_cget_string_63225,sscanf input callback: specs+8 = char*; returns *p++ or on NUL sets specs+0x10 |= 2 (end of input) and returns -1
0x00063257,crt_fscanf_63257,fscanf
0x00063293,crt_fscanf_wrap_63293,fscanf wrapper
0x000632b8,hmi_lock_marker_632b8,empty marker; sosDIGI lock region 0x632b8..0x632ec (0x34: snd_hmi_error_string_632c9)
0x000632c9,snd_hmi_error_string_632c9,Error string table 0xa27c8
0x000632ec,hmi_lock_marker_632ec,"empty marker; sosMIDI lock region 0x632fd..0x63435 (0x138: snd_midi_driver_call_6330e, snd_midi_send_ins_data_paced_63344)"
0x0006330e,snd_midi_driver_call_6330e,Call driver entry n*0x24
0x00063344,snd_midi_send_ins_data_paced_63344,"(hDriver, ?, far ptr data, selector, count): if count: 64K spin, hmi_timer_add_event_5d093(callback 0x6341d at 0x5dc = 1500 Hz), then per byte waits for DAT_000a25b6 (set by the callback), clears it and calls driver fn4 (+0x18, DAT_0009f932, sosMIDISetInsData) with (data+i, selector, 1, h); hmi_timer_remove_event_5d3a9. 0.67 ms per byte = MPU-401/MT-32 SysEx pacing; returns timer error or 0"
0x00063450,file_get_unpacked_size_63450,"Reads 8-byte header: ""RNC\x01"" -> big-endian unpacked size else file length"
0x00063520,crt_strcmp_63520,Dword-at-a-time strcmp
0x000635cc,hmi_lock_marker_635cc,empty marker; sosDIGI lock region 0x635cc..0x63f54 (0x988: snd_digi_detect_init_635dd .. snd_digi_detect_verify_settings_63e70)
0x000635dd,snd_digi_detect_init_635dd,sosDIGIDetectInit (hmidet.386)
0x00063746,snd_digi_detect_uninit_63746,sosDIGIDetectUnInit
0x0006379a,snd_digi_detect_find_6379a,sosDIGIDetectFindHardware
0x00063947,snd_digi_detect_get_caps_63947,"sosDIGIDetectGetCaps(device id, far caps ptr, selector): id outside 0xe000..0xe200 -> 6 (_ERR_INVALID_DRIVER_ID), null ptr -> 2 (_ERR_INVALID_POINTER); re-reads the hmidet.386 header (0x2c bytes at DAT_00131408, record count DAT_00131428) and walks the 0x30-byte device records (DAT_001313c0: +0x24 image offset DAT_001313e4, +0x28 id DAT_001313e8, +0x2d bit 0x80 flag) on file handle DAT_001313f4; loads the matching image into DAT_001313f8 and calls hmi_det_drv_get_caps_66fb8; no match -> 7 (_ERR_NO_DRIVER_FOUND)"
0x00063d88,snd_digi_detect_settings_63d88,sosDIGIDetectGetSettings
0x00063e70,snd_digi_detect_verify_settings_63e70,"sosDIGIDetectVerifySettings(far ptr {+0 port, +4 irq, +8 dma}, selector): null -> 2; re-reads the current device record and image (DAT_001313f0 offset) from hmidet.386, hmi_det_drv_find_hardware_6706c, then hmi_det_drv_verify_settings_670dc(entry DAT_00131404, port, dma, irq, DAT_00131434:DAT_00131438); returns the driver result"
0x00063f76,hmi_digi_lock_code_63f76,"sosDIGI lock list: 16 dpmi_lock_region_66e29 calls over the digital/timer code (0x632b8, 0x6cee2, 0x6290d, 0x63f65+0xdb1, 0x6cf99, 0x64e6b+0xa0c, 0x5cf8a+0x6ef, 0x635cc+0x988, ISR 0x66608+0x238, 0x66e28+0x4af) and data (DAT_00131964, DAT_000a2a50+0x1030); digital twin of snd_hmi_lock_code_5f04d"
0x0006413b,hmi_digi_unlock_code_6413b,Exact mirror of 63f76 with dpmi_unlock_region_66e56 on the same 16 regions (sosDIGIUnInitSystem path)
0x00064300,snd_digi_init_system_64300,sosDIGIInitSystem
0x0006435c,snd_digi_uninit_system_6435c,sosDIGIUnInitSystem
0x00064386,snd_digi_init_driver_64386,sosDIGIInitDriver
0x00064ab8,snd_digi_uninit_driver_64ab8,sosDIGIUnInitDriver
0x00064c3f,hmi_digi_alloc_dma_buffer_64c3f,"Allocates (size>>4)+4 paragraphs of locked DOS memory via dpmi_alloc_locked_dos_mem_66f24 and re-allocates while (linear & 0xffff) > 0xffff-size, i.e. until the block does not cross a 64K DMA page; then dpmi_alloc_selector_66ede for it. Called by snd_digi_init_driver_64386 when the driver needs its own DMA buffer"
0x00064ce8,hmi_seg_off_to_linear_64ce8,"(offset, segment) -> (segment & 0xffff) * 16 + offset; real-mode address helper in the DMA-buffer lock region 0x64d27..0x64e5a (no callers)"
0x00064d38,hmi_set_sample_volume_64d38,Sets volume of the slot playing sample id
0x00064dc4,snd_digi_set_master_volume_64dc4,Scale all channel volumes
0x00064e5a,hmi_lock_marker_64e5a,"empty marker; sosDIGI lock region 0x64e6b..0x65877 (0xa0c: hmi_start_sample_64e7c, hmi_stop_sample_65485, hmi_digi_continue_sample_65511)"
0x00064e7c,hmi_start_sample_64e7c,Starts a sample on a free slot (1545 bytes)
0x00065485,hmi_stop_sample_65485,Stops the slot playing sample id
0x00065511,hmi_digi_continue_sample_65511,"sosDIGIContinueSample? (hDriver, channel, far _SOS_START_SAMPLE): no-op (returns 0) if device id DAT_000a3b7e[h] >= 0xe106; else refills channel record DAT_001315a4[h*0xc0+ch*6] from the sample struct: +0/+8 = ptr(+0)/sel(+4), +0x10 = ptr + length(+0x24), +0x50 = +8, loop fields +0x18/+0x1c/+0x20/+0x2c from +0x24/+0x28/+0x20 when flags(+0x1c) bit 0x40 else +0x18/+0x1c = +8, +0x34 = id(+0x12), +0x30 = flags | 0x8800, +0x3c/+0x40 = callback +0x14/+0x18, +0x38 = +0xc, +0x4a = +0x1a. Same mapping as hmi_start_sample_64e7c but without slot allocation; no callers"
0x00065888,dos_get_segregs_65888,Fills SREGS struct
0x000658b2,dos_int386x_658b2,int386x
0x000658d5,crt_system_658d5,system() via COMMAND.COM /c
0x00065947,crt_inp_65947,"inp(port): edx = port, eax = 0, in al,dx; called by input_keyboard_isr_4fa28"
0x0006594f,crt_strtol_core_6594f,"Watcom __strtol/__strtoul core: skips ctype-space (table 0x937b4 bit 2), sign, auto base (0x -> 16, 0 -> 8, else 10), base must be 2..36 else errno; accumulates via crt_radix_digit_65ab6 with overflow flag; endptr store; signed mode (arg4 = 1) clamps to 0x7fffffff/0x80000000, unsigned to 0xffffffff with errno ERANGE"
0x00065a95,crt_strtol_65a95,strtol entry (shared body with strtoul_65ab1 at 0x65a98)
0x00065ab1,crt_strtoul_65ab1,strtoul entry: push 1 (unsigned) then shared body
0x00065ab6,crt_radix_digit_65ab6,"Digit value for strtol: '0'-'9' -> 0..9, a-z/A-Z (via crt_tolower) -> 10..35, anything else -> 0x25 (37, > any base)"
0x00065b10,vga_wait_vsync_65b10,Spin on port 3DA bit 3
0x00065b20,music_update_65b20,Per-frame: restart song when finished
0x00065b90,gfx_copy_rows_320_65b90,Copy n rows of 320 bytes
0x00065bac,gfx_copy_rows_640_65bac,Copy n rows of 640 bytes
0x00065bcd,crt_strncmp_65bcd,strncmp
0x00065c10,gfx_set_clip_window_65c10,Sprite clip window DAT_0012ed88 x ed98 y ed80 w eda8 h eda4 x2 ed90 y2
0x00065c70,sound_play_sample_65c70,Game SFX play: find free of 32 channel slots DAT_0012e070 (id bank) priority 0x7fff
0x00065e15,crt_memmove_65e15,Overlap-aware copy
0x00065e70,file_free_resource_65e70,mem_free(*desc+0x1c) and clear
0x00065eb0,file_load_resource_65eb0,Resource descriptor {name; +0x1c &buf; +0x20 &end; +0x24 size; +0x28 flags}: '*' names are RAM-only buffers (alloc only); else size via 63450; alloc; file_load_rnc; sets end ptr
0x00065fdf,crt_fgets_65fdf,"gets/fgets on stdin (FILE 0xa283c) used for ""Press return to continue"""
0x0006608b,crt_set_edom_6608b,__set_EDOM: crt_set_errno_660aa(13) (Watcom errno numbering: EDOM = 13); 0x66096 (push 14; jmp) is __set_ERANGE sharing the tail and crt_errno_fail_6609a sets EINVAL (9) and returns -1
0x0006609a,crt_errno_fail_6609a,Set errno and return -1
0x000660aa,crt_set_errno_660aa,errno = arg
0x000660b6,crt_set_doserrno_660b6,_doserrno = arg
0x000660bd,crt_call_hook_a46b9_660bd,"push eax; call [DAT_000a46b9]; add esp,4; ret: register-arg to stack-call adapter for a CRT default-routine pointer that is statically initialised to the 1-byte ret stub crt_ret_stub_6ba52 (0x6ba52) and never written; byte scan finds no call/jmp or data reference to 0x660bd in the image, so it is dead Watcom CRT glue next to crt_set_errno_660aa/crt_set_doserrno_660b6"
0x000660d0,crt_memset_660d0,memset core used by mem_clear_5afd0
0x00066107,crt_memset32_66107,Aligned dword fill (unrolled)
0x00066173,crt_prtf_putc_file_66173,"fprintf output callback (specs, c): crt_flsbuf_6dd18(c, FILE at specs+0) then specs->_output_count (+0x10)++; used by crt_vfprintf_core_66193 which follows it"
0x00066193,crt_vfprintf_core_66193,FILE-based printf core (buffer alloc flush)
0x0006622c,input_bios_poll_key_6622c,BIOS int 16h poll: shift state -> DAT_0012eea1 scancode -> DAT_0012eea0; used by input_bios_read_key_ascii_5bff8
0x00066274,crt_open_66274,open
0x00066296,crt_open_core_66296,__open: int 21h 3Dh / 3Ch create / 44h ioctl / 3Eh
0x00066472,crt_set_binary_mode_66472,__set_binary(handle): iomode |= _BINARY (0x40) via crt_get_iomode_6de82/crt_set_iomode_6ded8; for TTY handles (_ISTTY 0x2000) int 21h AX=4400h get device info then AX=4401h with DL |= 0x20 (raw mode); DOS error -> crt_set_errno_dos_6b108; returns 0
0x000664de,crt_close_wrap_664de,close
0x000664ec,crt_read_664ec,read with text-mode CR/^Z handling (int 21h 3Fh)
0x00066680,pit_program_66680,out 43h=36h; 40h lo; 40h hi (with IRQ0 masked at 21h)
0x000666c6,timer_install_irq0_666c6,Saves int 8 (3508h) installs LAB_00066609 (2508h) and sets PIT divisor
0x00066751,pic_mask_irq0_66751,in/out 21h |1
0x0006677d,pic_unmask_irq0_6677d,in/out 21h &~1
0x000667a9,pit_restore_667a9,DPMI call then PIT divisor 0 (18.2 Hz)
0x000667fe,hmi_timer_isr_chain_old_667fe,"asm tail of the HMI IRQ0 ISR at 0x66609: if chain flag DAT_000a3a7c set, clears in-handler flag DAT_000a3a7a, reloads SS:ESP from DAT_000a2a72 (saved by the ISR), xchg's the saved old int 8 vector (DAT_000a2a54 off / DAT_000a2a58 sel) into the frame at [ebp+0x28/0x2c], pops DS/GS/FS/ES/regs and retf's into the previous handler. Not a C function"
0x00066852,hmi_make_far_ptr_66852,"Returns EDX:EAX = (selector word arg2, offset arg1): HMI MK_FP helper used by snd_midi_init_song_5e53a / snd_midi_song_setup_5ec41"
0x00066876,hmi_lock_marker_66876,empty marker (17 bytes) of the HMI lock regions; the sosMIDI song timer callback snd_midi_song_timer_cb_66898 is bracketed by the markers 0x66887 / 0x66dc0 (created in round 6).
0x00066de2,hmi_midi_slot_is_free_66de2,Returns DAT_0009ea46[handle] == 0 (MIDI driver slot not loaded); used by snd_midi_init_driver_5fa77
0x00066e15,hmi_lock_marker_66e15,empty marker; end of sosMIDI lock region 0x66dd1..0x66e15 (0x44: hmi_midi_slot_is_free_66de2); dpmi_lock_region_66e29 follows
0x00066e29,dpmi_lock_region_66e29,DPMI 0x600
0x00066e56,dpmi_unlock_region_66e56,DPMI 0x601 (paired with lock in HMI lock/unlock lists)
0x00066e83,hmi_digi_init_channel_ptrs_66e83,"Fills 32 six-byte far pointers (out[i] = base + i*0x6c, selector from arg) = the 32 digital channel records of 0x6c bytes inside the driver data; called from snd_digi_init_driver_64386"
0x00066eb3,dpmi_get_segment_base_66eb3,DPMI 6
0x00066ede,dpmi_alloc_selector_66ede,DPMI 0 / 7 / 8
0x00066f24,dpmi_alloc_locked_dos_mem_66f24,DPMI 0x100 then 6 (get base) and 0x600 (lock)
0x00066f71,hmi_drv_call_ax_stub_66f71,"Orphan 10-byte asm helper of the HMI driver-call module: push es; ax=[ebp+0xc] (function number); call [ebp+8] (driver entry); pop es; ret, using the caller's frame; byte scan finds no call/jmp or data reference anywhere in the image, so it is unused code between dpmi_alloc_locked_dos_mem_66f24 and hmi_det_drv_get_caps_66fb8"
0x00066fb8,hmi_det_drv_get_caps_66fb8,"hmidet.386 driver function 2: calls entry(2), copies the returned 0x6a-byte capabilities struct (EDX) to the caller buffer and patches the selector word of four far pointers at +0x34 +0x3c +0x44 +0x4c; used by snd_digi_detect_find_6379a"
0x0006700c,hmi_digi_drv_get_info_6700c,Digital driver function 8: stores returned far pointer (EDX offset + selector) into *arg; wrapped by hmi_digi_get_driver_info_6cef3
0x00067041,hmi_digi_drv_stop_67041,Digital driver function 5 (called by snd_digi_uninit_driver_64ab8 before unloading)
0x0006706c,hmi_det_drv_find_hardware_6706c,hmidet.386 function 0 (detect hardware); called by snd_digi_detect_find_6379a and snd_digi_detect_settings_63d88
0x00067097,hmi_det_drv_get_settings_67097,"hmidet.386 function 1: AX -> DAT_000a3f94 (port), CL -> DAT_000a3f98 (IRQ), CH -> DAT_000a3f9c (DMA); results copied into the caller's _SOS_HARDWARE by snd_digi_detect_settings_63d88"
0x000670dc,hmi_det_drv_verify_settings_670dc,"hmidet.386 driver function 3 (verify settings): (entry, port -> EBX, dma -> CH, irq -> CL, far ptr -> FS:EDI), EAX = 3, pushes entry and calls it, saves/restores fs/gs/es; called by snd_digi_detect_verify_settings_63e70"
0x00067114,hmi_digi_drv_uninit_67114,Digital driver function 1 (uninit) called by snd_digi_uninit_driver_64ab8
0x0006713f,hmi_digi_drv_get_entry_points_6713f,"Digital driver function 10: entry(10, a, b, c) returns three offsets (stack, ECX, ESI) that are converted to far pointers driver+off with CS, DS, DS and stored in a 3 x 6-byte out array (mixer/timer callbacks of the loaded driver)"
0x000671a1,hmi_digi_drv_init_hw_671a1,"Digital driver function 0 with (port, IRQ|DMA packed byte, ...) = hardware init; snd_digi_init_driver_64386"
0x000671da,hmi_digi_drv_start_671da,Digital driver function 4 (after dos_vds_lock_region / DMA buffer setup) = start output; snd_digi_init_driver_64386
0x0006720b,hmi_digi_drv_call2_6720b,"Digital driver function 2 with (handle, word arg) during init (DMA buffer / rate setup); exact meaning not recovered"
0x0006723a,hmi_digi_drv_call3_6723a,Digital driver function 3 with constant 8 during init (sample format / bits?); exact meaning not recovered
0x00067269,dos_vds_lock_region_67269,int 2Fh 1600h Windows check + int 4Bh 810Bh
0x000672a0,dos_vds_unlock_region_672a0,int 4Bh 810Ch
0x000672e9,hmi_midi_get_callback_driver_table_672e9,Returns DS:0x1313a2 = 6-entry far-pointer table of the internal pass-through MIDI driver (device 0xa003) whose fn0 thunk 0x6730a forwards each event to user callback DAT_0009fae6 and fn4 (0x67385) sets that callback; snd_midi_init_driver_5fa77 copies it into DAT_0009f91a + handle*0x24
0x0006730a,hmi_midi_cbdrv_send_event_6730a,"device 0xa003 (user-callback MIDI driver) fn0 = send event, far entry ending in retf: calls [DAT_0009fae6](handle, event ptr, word, dword) and returns 0; fn1 0x6733a init, fn2 0x67353 uninit, fn3 0x6736c reset just return 0; fn4 0x67385 (SetInsData) stores DAT_0009fae6/DAT_0009faea = callback offset/selector"
0x000673d1,hmi_midi_get_wavemidi_driver_table_673d1,"Returns DS:0x131384 = far-pointer table of the internal digital-sample MIDI driver (device 0xa005; thunks 0x673f2/0x676f9/0x67878/0x678f6/0x6790f, which pop the 32-entry note queue 67c27 and call snd_digi_stop_sample_65485)"
0x000673f2,hmi_wavemidi_send_event_673f2,"device 0xa005 (digital-sample MIDI) fn0 = send event, far/retf: 0xBx 0x7B all-notes-off -> pop every queue entry (hmi_wavemidi_queue_pop_67c27) and hmi_stop_sample_65485(DAT_000a11da[h] digital handle, slot+1); 0x9x note on: note table DAT_000a02bc + h*0x300 + note*6 (far ptr to sample record, selector at +4) must be set; vel 0 or re-trigger (record+0x1a != 0x8000) -> hmi_wavemidi_queue_remove_key_67ded + stop; queue full (DAT_000a02a8 >= DAT_000a0294) -> pop oldest + stop; queue_push_67b63, record+0x12 = slot+1 then note; velocity*DAT_000a2565>>7 <<8 into record+0x10 when DAT_000a122a[h]; hmi_start_sample_64e7c(digital handle, record, sel); other statuses ignored, returns 0"
0x00067adc,hmi_wavemidi_queue_init_67adc,"Per-handle 32-entry ring at 0x9faec (entry 0xc bytes: +0 key, +4 event ptr, +8 word), stride 0x180: clears entries, head DAT_000a026c = 0x1f, tail DAT_000a0280 = 0, capacity DAT_000a0294 = arg2 (count at DAT_000a02a8)"
0x00067b52,hmi_wavemidi_queue_uninit_67b52,empty function (same shape as the lock markers) called with the handle by the wave-MIDI driver fn2 uninit at 0x67878; pair of hmi_wavemidi_queue_init_67adc
0x00067b63,hmi_wavemidi_queue_push_67b63,"If count < capacity: head = (head+1) mod 32, entry.key = *(short*)(event+0x12), entry.ptr = event, entry.word = arg3, count++; returns slot or -1"
0x00067c27,hmi_wavemidi_queue_pop_67c27,"Removes the oldest entry at tail DAT_000a0280 (clears it, tail = (tail+1) mod 32, count--); returns the slot index or -1 if empty"
0x00067cc1,hmi_wavemidi_queue_remove_at_67cc1,"Deletes entry at index arg2: shifts entries from tail forward (i <- i-1 mod 32) until the tail slot, clears tail slot, advances tail, count--; returns 0 or -1 if empty"
0x00067ded,hmi_wavemidi_queue_remove_key_67ded,"Finds the entry whose +0 key == arg2 (linear scan of 32 slots), then same shift-delete as 67cc1; returns index or -1"
0x00067f5c,hmi_lock_marker_67f5c,"empty marker; sosMIDI lock region 0x67f6d..0x681d9 (0x26c: hmi_midi_load_driver_67f7e, hmi_midi_free_driver_slot_6816f)"
0x00067f7e,hmi_midi_load_driver_67f7e,"Loads an external MIDI driver from the hmidrv.386 image: device id must be 0xa000..0xa200 (else 6) and slot DAT_0009ea46[h] free (else 9, h >= 6 -> 10); strcpy/strcat path, open (fail 0xf), read 0x2c-byte file header to DAT_0009fa8a, scan 0x2c-byte device records (DAT_0009fa8b) until id matches, malloc (fail 5) + dpmi_alloc_selector + read image + dpmi_lock_region; returns far ptr in out struct, marks slot loaded"
0x0006816f,hmi_midi_free_driver_slot_6816f,Clears DAT_0009ea46[handle] (loaded flag); 10 if handle >= 6 or not loaded; snd_midi_uninit_driver_5ff24
0x000681d9,hmi_lock_marker_681d9,"empty marker; sosMIDI lock region 0x681ea..0x68251 (0x67 bytes, unnamed helper before hmi_midi_get_gus_driver_table_6834f)"
0x0006834f,hmi_midi_get_gus_driver_table_6834f,Returns DS:0x131348 = far-pointer table of the internal Gravis UltraSound MIDI driver (device 0xa008; thunks 0x68370/0x68536/0x685a7/0x685c5/0x685de dispatch status bytes 0x80..0xe0 to snd_gus_note_on/off etc.)
0x00068370,snd_awe32_midi_send_event_68370,"(EMU8000/AWE32 driver, formerly snd_gus_) device 0xa008 (internal GUS MIDI) fn0 = send event, far/retf: dispatch on status & 0xf0 with (data2, data1, channel) pushed: 0x80 snd_gus_note_off_6ecf5; 0x90 snd_gus_note_event_6ee0d (vel 0 -> note_off); 0xA0 snd_gus_set_bend_6f6ee(data1, ch); 0xB0 snd_gus_controller_6f395; 0xC0 snd_gus_program_change_6f586; 0xD0 snd_gus_channel_pressure_noop_6f6e6; 0xE0 snd_gus_pitch_bend_6f72e; callees clean the stack (ret 0xc/ret 8); returns 0. fn1 0x68536 init = snd_gus_detect_6f986 + snd_gus_init_703e2 + 7 table ptrs DAT_000a57dc..f4 + snd_gus_channels_init_6def4; fn2 0x685a7 = snd_gus_shutdown_70480; fn3 0x685c5 / fn4 0x685de return 0"
0x00068619,snd_opl_pitch_bend_68619,"OPL2 driver: for channel < 16 (not 9) store bend MSB in DAT_000a40e4[ch], flag DAT_000a4124[ch] = 1, then for each of 9 voices on that channel (DAT_000a401c[v] != 0 && DAT_000a40c0[v] == ch) recompute F-number (686db) and write it (699e1)"
0x000686db,snd_opl_calc_bent_freq_686db,"Pitch-bend frequency: note = arg2-12 reduced mod 12, base F-num from table DAT_000a4320[note]; bend < 0x40 interpolates down, >= 0x40 up, by bend-range semitones DAT_000a4164[ch] (octave wrap via block bits 0x1c00 and DAT_000a44b8/44bc); returns F-num|block word"
0x00068871,hmi_lock_marker_68871,empty marker; OPL lock region 0x68882..0x689b8 (snd_opl_controller_68893)
0x00068893,snd_opl_controller_68893,"OPL2 MIDI CC dispatch: 7 -> snd_opl_set_channel_volume_704cd; 0x40 sustain -> DAT_000a424c[ch], on release replays queued note-offs (DAT_000a42ac, count DAT_000a42a8) through snd_opl_note_off_68eca; 0x66 (102) -> bend range DAT_000a4164[ch]; 0x79 -> snd_opl_reset_controllers_69072; 0x7b -> snd_opl_all_notes_off_68fc9"
0x000689b8,hmi_lock_marker_689b8,empty marker; OPL lock region 0x689c9..0x68ea8 (snd_opl_note_on_689da)
0x000689da,snd_opl_note_on_689da,"OPL2 note on: channel 9 = percussion bank (DAT_000a4074), else melodic; snd_opl_alloc_voice_70697, key off, 10 register writes to silence operators, snd_opl_load_timbre_69d61 for program DAT_000a4080[ch] (0x1e-byte timbre at DAT_000a4058 + prog*0x1e), velocity -> DAT_000a41e8[v], key on (69b31), voice note DAT_000a401c[v] = note, applies pending bend"
0x00068ea8,hmi_lock_marker_68ea8,"empty marker; OPL lock region 0x68eb9..0x690fa (snd_opl_note_off_68eca, snd_opl_all_notes_off_68fc9, snd_opl_reset_controllers_69072)"
0x00068eca,snd_opl_note_off_68eca,"OPL2 note off: if sustain DAT_000a424c[ch] on and queue < 16 -> push 3-byte event to DAT_000a42ac[DAT_000a42a8++]; else key off (69bf3) every voice whose note == event note and channel == ch, clearing DAT_000a401c[v]"
0x00068fc9,snd_opl_all_notes_off_68fc9,"CC 0x7b: volume DAT_000a41a8/41e8 = 0x7f, DAT_000a420c = 0, sustain off, key off all voices on channel (ch < 16, or 9 if drum bank loaded)"
0x00069072,snd_opl_reset_controllers_69072,"CC 0x79: volume 0x7f, expression 0x7f, DAT_000a420c = 0, sustain 0, bend DAT_000a40e4 = 0x40 (centre), bend range DAT_000a4164 = 2"
0x000690fa,hmi_lock_marker_690fa,empty marker; OPL lock region 0x6910b..0x692f7 (snd_opl_midi_event_6911c)
0x0006911c,snd_opl_midi_event_6911c,"OPL2 driver fn0 (via thunk 0x69849): dispatch on status & 0xf0: 0x80 / 0x90 vel 0 -> note off (DAT_000a4296..98 scratch), 0x90 -> note on, 0xb0 -> controller, 0xc0 -> program change (7075e), 0xe0 -> pitch bend"
0x000692f7,hmi_lock_marker_692f7,empty marker; OPL lock region 0x69308..0x693df (snd_opl_reset_state_69319)
0x00069319,snd_opl_reset_state_69319,"OPL2 driver fn3 (thunk 0x698d1): snd_opl_silence_all_69c73, DAT_000a41a4 = 0 (bank state), voices: note 0 / channel 0 / vel 0x7f; 16 channels: bend 0x40, program 0, bend flag 0, volume 0x7f, 420c 0"
0x000693df,hmi_lock_marker_693df,"empty marker; OPL lock region 0x693f0..0x6975a (snd_opl_set_timbre_bank_69401, snd_opl_pack_timbre_bank_6955a)"
0x00069401,snd_opl_set_timbre_bank_69401,"OPL2 driver fn4 = sosMIDISetInsData (thunk 0x698ef): packs the AdLib .BNK (6955a) then first call stores melodic bank (far ptr DAT_000a404c, count from bank+8, name table bank+0xc, timbre data DAT_000a4058 = bank + *(bank+0x10)) and sends program 0 to all 9 voices; second call stores percussion bank (DAT_000a4062.., DAT_000a4074 = 1)"
0x0006955a,snd_opl_pack_timbre_bank_6955a,"In-place conversion of each 30-byte AdLib BNK instrument record (count = *(short*)(bank+8) - 2 at bank + *(bank+0x10)) into OPL register bytes: +0xb = AM|VIB|EG|KSR|MULT, +2 = KSL|TL, +5 = AR|DR, +6 = SL|RR, +0xe = FB|CNT (x2), second operator likewise at +0x18/+0xf/+0x12/+0x13"
0x0006975a,hmi_lock_marker_6975a,empty marker; OPL lock region 0x6976b..0x697bf (snd_opl_driver_uninit_6977c)
0x0006977c,snd_opl_driver_uninit_6977c,"OPL2 driver fn2 (thunk 0x698b3): DAT_000a3fa0 = port DAT_000a3fa8, re-init chip (69940), silence all voices (69c73), clear initialised flag (69f6a: DAT_000a402b = 0), DAT_000a4040 = 0"
0x000697bf,hmi_lock_marker_697bf,empty marker; OPL lock region 0x697d0..0x69827 (snd_opl_driver_init_697e1)
0x000697e1,snd_opl_driver_init_697e1,"OPL2 driver fn1 (thunk 0x69878): DAT_000a3fa4 = port from caller's hardware struct, snd_opl_init_chip_69940, snd_opl_clear_voices_69a77, DAT_000a4040 = 1"
0x00069827,hmi_lock_marker_69827,"empty marker; OPL lock region 0x69838..0x6991e = the five far entries of the 0xa002 OPL driver (0x69849 fn0 send -> snd_opl_midi_event_6911c, 0x69878 fn1 init -> snd_opl_driver_init_697e1 with DAT_0013196c = handle, 0x698b3 fn2 -> snd_opl_driver_uninit_6977c, 0x698d1 fn3 -> snd_opl_reset_state_69319, 0x698ef fn4 -> snd_opl_set_timbre_bank_69401)"
0x00069940,snd_opl_init_chip_69940,"Accepts port 0x388 or 0x380 only (else returns 1): DAT_000a4027/DAT_000a3fa8 = port, one register write, rhythm reg shadow DAT_000a4010 = 0, snd_opl_clear_voices_69a77, DAT_000a402b = 1 (chip ready)"
0x000699bf,hmi_lock_marker_699bf,empty marker; OPL lock region 0x699d0..0x69a55 (snd_opl_voice_set_freq_699e1)
0x000699e1,snd_opl_voice_set_freq_699e1,Writes F-number low byte to shadow DAT_000a3fec[v] (reg 0xA0+v) and block|0x20 key-on to DAT_000a3ff5[v] (reg 0xB0+v); two snd_opl_write_69f9c calls
0x00069a55,hmi_lock_marker_69a55,empty marker; OPL lock region 0x69a66..0x69b0f (snd_opl_clear_voices_69a77)
0x00069a77,snd_opl_clear_voices_69a77,"Key off all 9 voices (0xB0+v = 0), timbre-loaded flags DAT_000a4011[0..10] = 0, DAT_000a402c = 0, rhythm reg DAT_000a4010 &= 0xc0 and rewrite (reg 0xBD)"
0x00069b0f,hmi_lock_marker_69b0f,empty marker; OPL lock region 0x69b20..0x69bd1 (snd_opl_voice_key_on_69b31)
0x00069b31,snd_opl_voice_key_on_69b31,Same two frequency writes as 699e1 plus a third register write; marks voice active DAT_000a401c[v] = 1
0x00069bd1,hmi_lock_marker_69bd1,empty marker; OPL lock region 0x69be2..0x69c51 (snd_opl_voice_key_off_69bf3)
0x00069bf3,snd_opl_voice_key_off_69bf3,"If voice inactive returns 6; else clears bit 0x20 in DAT_000a3ff5[v], writes reg 0xB0+v, DAT_000a401c[v] = 0, returns 0"
0x00069c51,hmi_lock_marker_69c51,empty marker; OPL lock region 0x69c62..0x69d3f (snd_opl_silence_all_69c73)
0x00069c73,snd_opl_silence_all_69c73,"Returns 2 if chip not initialised (DAT_000a402b == 0); else DAT_000a4010 = 0 (0xBD), 9 writes key-off + 9 writes level, timbre flags cleared"
0x00069d3f,hmi_lock_marker_69d3f,empty marker; OPL lock region 0x69d50..0x69f48 (snd_opl_load_timbre_69d61)
0x00069d61,snd_opl_load_timbre_69d61,"Programs voice v with a packed 0x1e-byte timbre: operator offsets from table DAT_000a402d/402e[v*2] (modulator/carrier slots), level shadows DAT_000a3fdc[op], registers 0x20/0x40/0x60/0x80/0xE0 for both operators and 0xC0 feedback (DAT_000a3fbc[op] shadow); DAT_000a4011[v] = 1"
0x00069f48,hmi_lock_marker_69f48,empty marker; OPL lock region 0x69f59..0x69f89 (snd_opl_clear_chip_ready_69f6a)
0x00069f6a,snd_opl_clear_chip_ready_69f6a,"DAT_000a402b (OPL chip-ready flag) = 0, returns 0; called by snd_opl_driver_uninit_6977c"
0x00069f89,hmi_lock_marker_69f89,empty marker; end of OPL lock region 0x69f59+0x30; snd_opl_write_69f9c follows
0x00069f9c,snd_opl_write_69f9c,Adlib register write with port delays (port DAT_000a3fa8)
0x00069fd6,hmi_strcpy_far_69fd6,Copies a NUL-terminated string two bytes per iteration and returns the destination as EDX:EAX far pointer (arg2 = selector); used by sosMIDI/DIGI InitSystem to store the driver directory string (DAT_000a3d8a)
0x0006a093,hmi_midi_bind_driver_table_6a093,"RENAMED (was crt_init_fpe_table): for an externally loaded MIDI driver calls its entry (1) then fills 5 far pointers (driver base + FS:[off] from the driver header, 8-byte stride, selector CS) into the handle's function table DAT_0009f91a + h*0x24 (+6); the hmidrv.386 analogue of the internal tables 672e9/673d1/6834f"
0x0006a0e6,crt_prtf_core_6a0e6,__prtf: '%' parsing loop calls spec parser and converter output via callback
0x0006a395,crt_prtf_parse_spec_6a395,Width/precision/h l L F N flags
0x0006a4d5,crt_prtf_parse_flags_6a4d5,- # + space flags
0x0006a538,crt_strnlen_6a538,Length limited to precision
0x0006a55e,crt_wcsnlen_6a55e,Wide variant
0x0006a58f,crt_prtf_zero_pad_6a58f,Inserts leading zeros
0x0006a5f1,crt_prtf_fixed_point_6a5f1,"CONFIRMED: 16.16 fixed-point %f replacement: sign, default precision 4 (spec+8 == -1), itoa of integer part, fraction digits by repeated *10 of the low word, round up when bit 15 of the remainder is set (carry propagation through '9's and '.')"
0x0006a6d4,crt_prtf_float_stub_6a6d4,"Calls ""Floating-point support not loaded"""
0x0006a6ef,crt_prtf_convert_arg_6a6ef,Conversion of d i o u x X c s p n
0x0006ab9a,crt_strupr_6ab9a,strupr
0x0006abbc,vga_fill_rect_clipped_6abbc,Horizontal/vertical line or rect fill in 640x400 coordinate space (>>1) on a 320-pitch buffer
0x0006acd4,gfx_fill_rect_clipped_6acd4,Clipped rect fill
0x0006add5,crt_creat_6add5,"creat(path, pmode) = crt_open_66274(path, 0x62 = O_RDWR|O_CREAT|O_TRUNC, pmode); used by file_open_619a0 when creating a file"
0x0006adec,crt_setmode_6adec,setmode text/binary
0x0006ae9e,crt_lseek_wrap_6ae9e,"stack wrapper: re-pushes (handle, offset, whence) and calls crt_lseek_6aeb8 (int 21h 42h)"
0x0006aeb8,crt_lseek_6aeb8,int 21h 42h
0x0006af03,crt_write_6af03,write with LF->CRLF buffering (int 21h 40h append 42h)
0x0006b0d1,crt_dos_retcode_6b0d1,CF check helper
0x0006b0eb,crt_dos_retcode2_6b0eb,CF check helper
0x0006b108,crt_set_errno_dos_6b108,Map DOS error return -1
0x0006b178,crt_malloc_6b178,malloc
0x0006b186,crt_nmalloc_6b186,Heap search over DAT_000a4670 list (min 12 bytes)
0x0006b274,crt_realloc_6b274,realloc
0x0006b289,crt_mem_expand_6b289,In-place block expansion
0x0006b434,crt_nrealloc_6b434,realloc core with heap growth
0x0006b4be,crt_memswap_6b4be,Swap two buffers (qsort)
0x0006b4e4,crt_qsort_med3_6b4e4,Median of three compare
0x0006b544,crt_qsort_6b544,qsort
0x0006b8f2,crt_free_6b8f2,free
0x0006b900,crt_nfree_6b900,Find heap block containing ptr and free
0x0006b95e,crt_cmain_6b95e,__CMain: calls main_3d0a0 then exit
0x0006b9b8,crt_init_rtns_6b9b8,Run init table 0xac13c..0xac154 by priority
0x0006ba03,crt_fini_rtns_6ba03,Run fini table
0x0006ba52,crt_ret_stub_6ba52,1-byte ret before crt_setup_argv
0x0006ba53,crt_setup_argv_6ba53,Copies command tail DAT_000a4684 and splits into argv
0x0006bb17,crt_parse_cmdline_6bb17,Quote-aware argument splitter
0x0006bbfc,crt_tolower_wrap_6bbfc,stack wrapper: re-pushes (c) and calls crt_tolower_6bc0a
0x0006bc0a,crt_tolower_6bc0a,tolower
0x0006bc1c,crt_allocfp_6bc1c,FILE allocation from table 0xa283c (0x1a bytes each)
0x0006bcbf,crt_freefp_6bcbf,Return FILE to free list
0x0006bcf6,crt_freefp_all_6bcf6,Free FILE list at exit
0x0006bd14,crt_fseek_inbuf_6bd14,Seek within buffer
0x0006bd5b,crt_fseek_6bd5b,fseek
0x0006beae,crt_chktty_6beae,Mark stream as tty
0x0006bee2,crt_tmpnam_seed_6bee2,Returns DAT_000a468c
0x0006bee8,crt_fflush_6bee8,fflush
0x0006bfac,crt_ftell_6bfac,ftell
0x0006bfe0,crt_close_6bfe0,int 21h 3Eh
0x0006c015,crt_remove_6c015,remove
0x0006c023,crt_fgetc_6c023,fgetc
0x0006c0ae,crt_filbuf_6c0ae,__filbuf
0x0006c0dd,crt_fill_buffer_6c0dd,Fill buffer / flush output streams
0x0006c198,crt_ungetc_6c198,ungetc
0x0006c23a,crt_scnf_core_6c23a,__scnf scanf core
0x0006c452,crt_scnf_parse_spec_6c452,Width/suppression parse
0x0006c52f,crt_scnf_skip_ws_6c52f,Skip whitespace via ctype table 0x937b4
0x0006c566,crt_scnf_char_6c566,%c store
0x0006c5f3,crt_scnf_string_6c5f3,%s store
0x0006c70c,crt_scnf_store_count_6c70c,%n store
0x0006c777,crt_scnf_build_set_6c777,%[...] bitmap
0x0006c7bb,crt_scnf_set_6c7bb,%[...] match
0x0006c8c1,crt_scnf_number_6c8c1,Integer conversions
0x0006cc04,crt_scnf_integer_6cc04,"RENAMED (names were swapped with 6c8c1): integer conversion for %d/%i/%o/%u/%x: width handling via spec+0xc, optional sign, radix auto-detect (0x -> 16, 0 -> 8), crt_hexdigit_value_6ce2d accumulation, ':' allowed for %i with flag 0x80, stores int/short/far by flags 1/4/8/0x10 of spec+0x10. 6c8c1 (collects digits, '.', exponent and calls crt_fdfs_7136e) is the float path"
0x0006ce2d,crt_hexdigit_value_6ce2d,0-9 a-f -> value else 16
0x0006ce5c,crt_scnf_getc_6ce5c,Width-limited getc
0x0006ce84,crt_strcpy_6ce84,strcpy
0x0006cea9,crt_strcat_6cea9,strcat
0x0006cee2,hmi_lock_marker_6cee2,empty marker; sosDIGI lock region 0x6cee2..0x6cf88 (0xa6: hmi_digi_get_driver_info_6cef3)
0x0006cef3,hmi_digi_get_driver_info_6cef3,"Returns 1 if driver slot DAT_000a3a84[h] (6-byte far ptr) is empty, 2 if the out pointer is null, else driver function 8 (6700c) and 0"
0x0006cf88,hmi_lock_marker_6cf88,"empty marker; sosDIGI lock region 0x6cf99..0x6d40b (0x472: snd_hmi_load_digital_driver_6cfaa, snd_hmi_unload_driver_6d1a6, snd_hmi_load_midi_driver_6d210, hmi_digi_check_far_ptr_6d3b2, hmi_stub_return_zero_6d3f0)"
0x0006cfaa,snd_hmi_load_digital_driver_6cfaa,Loads hmidrv.386 digital driver for device 0xE000-0xE200
0x0006d1a6,snd_hmi_unload_driver_6d1a6,Frees driver slot
0x0006d210,snd_hmi_load_midi_driver_6d210,Loads hmidrv.386 MIDI driver for device 0x1000-0x1023
0x0006d3b2,hmi_digi_check_far_ptr_6d3b2,Returns 2 if the far pointer (off=0 and sel=0) is null else 0; parameter check in snd_digi_uninit_driver_64ab8
0x0006d3f0,hmi_stub_return_zero_6d3f0,"HMI frame, local = 0, returns 0: compiled-out sosDIGI stub between hmi_digi_check_far_ptr_6d3b2 and the lock marker at 0x6d40b; no callers"
0x0006d540,dos_int386x_core_6d540,Register marshalling for int386x
0x0006d578,dos_int_call_stub_6d578,Interrupt call stub
0x0006d59d,dos_int_call_allregs_6d59d,"software-interrupt call with a full register block: AL = int number, EDX -> 0x26-byte block {+0 eax, +4 ebx, +8 ecx, +0xc edx, +0x10 ebp, +0x14 esi, +0x18 edi, +0x1c ds, +0x1e es, +0x20 fs, +0x22 gs, +0x24 flags}; pushal/segments, 0x6d5ea (not a function) loads every register from the block and returns into the `int n; ret` table at 0x6d61e + n*3, then all registers and flags are stored back; sibling of dos_int386x_core_6d540 (which uses the 0x1c-byte union REGS)"
0x0006d91e,crt_switchar_6d91e,int 21h 3700h switch char
0x0006d94b,crt_file_exists_6d94b,findfirst == 0
0x0006d96a,crt_exec_6d96a,exec wrapper
0x0006d999,crt_spawn_6d999,spawn core (.bat/.com/.exe COMSPEC)
0x0006dcf2,crt_spawnlp_6dcf2,"spawnlp(mode, path, arg0, ...): crt_spawnvp_71a1f(mode, path, &arg0); called by crt_system_658d5 (P_WAIT, COMSPEC, /c cmd)"
0x0006dd0c,crt_errno_ptr_6dd0c,&errno (0x131a58)
0x0006dd12,crt_doserrno_ptr_6dd12,&_doserrno (0x131a54)
0x0006dd18,crt_flsbuf_6dd18,__flsbuf (text-mode CR insertion)
0x0006dde6,crt_ioalloc_6dde6,Allocate stream buffer (0x1000 or 1)
0x0006de66,dos_ioctl_isdevice_6de66,int 21h 4400h bit 7
0x0006de82,crt_get_iomode_6de82,Handle flags table 0xa46e4
0x0006ded8,crt_set_iomode_6ded8,Set handle flags
0x0006def4,snd_awe32_channels_init_6def4,"(EMU8000/AWE32 driver, formerly snd_gus_) 30 channel records init"
0x0006df9d,snd_awe32_poke_b_6df9d,"(EMU8000/AWE32 driver, formerly snd_gus_) GUS register byte write (base DAT_000a4ec2)"
0x0006e001,snd_awe32_peek_b_6e001,"(EMU8000/AWE32 driver, formerly snd_gus_) GUS register byte read"
0x0006e069,snd_awe32_poke_w_6e069,"(EMU8000/AWE32 driver, formerly snd_gus_) GUS register word write"
0x0006e0e2,snd_awe32_peek_w_6e0e2,"(EMU8000/AWE32 driver, formerly snd_gus_) GUS register word read"
0x0006e164,snd_awe32_find_voice_6e164,"(EMU8000/AWE32 driver, formerly snd_gus_) Voice allocation"
0x0006e2b8,snd_awe32_note_in_range_6e2b8,"(EMU8000/AWE32 driver, formerly snd_gus_) GUS patch layer key-range test: arg1 packs low byte = low key, high byte = high key; returns 1 if low <= note <= high; snd_gus_patch_lookup_6e351"
0x0006e2e6,snd_awe32_patch_adjust_param_6e2e6,"(EMU8000/AWE32 driver, formerly snd_gus_) Patch record (stride 0x7c at DAT_000a55ec): idx < 4 -> dword[idx] += val; idx == 4 -> word at +0x10 += val; else word at +8 + idx*2 = val"
0x0006e351,snd_awe32_patch_lookup_6e351,"(EMU8000/AWE32 driver, formerly snd_gus_) Patch map lookup"
0x0006e689,snd_freq_to_note_6e689,Lookup in 128-entry table 0xa47b8
0x0006e6b7,snd_cents_to_freq_6e6b7,Cents (1200/oct) to frequency code
0x0006e712,snd_awe32_note_on_6e712,"(EMU8000/AWE32 driver, formerly snd_gus_) Note on with patch layers"
0x0006ecf5,snd_awe32_note_off_6ecf5,"(EMU8000/AWE32 driver, formerly snd_gus_) Note off"
0x0006ee0d,snd_awe32_note_event_6ee0d,"(EMU8000/AWE32 driver, formerly snd_gus_) Dispatch note on/off"
0x0006ee44,snd_awe32_cc_bank_select_6ee44,"(EMU8000/AWE32 driver, formerly snd_gus_) Stores CC value in channel word +0x12 (DAT_000a5400[ch*0x1e]) and, if it was 0xffff (unset), also in +0x10 (DAT_000a53fe); channel record stride 0x1e from DAT_000a53ee"
0x0006ee78,snd_awe32_cc_reverb_send_6ee78,"EMU8000 driver CC 0x5b (91, Effects 1 depth = reverb send) handler from snd_gus_controller_6f395 (val, ch): channel record byte +1 (DAT_000a53ef, stride 0x1e) = ((val*45)/100)*2 (0..114); the only other reference is the reset to 0 in snd_gus_reset_controllers_6f2a5 - snd_gus_note_on_6e712 never reads it, so the reverb send (PTRX bits 15-8) stays patch-defined"
0x0006eea1,snd_awe32_cc_chorus_send_6eea1,"EMU8000 driver CC 0x5d (93, Effects 3 depth = chorus send) handler from snd_gus_controller_6f395 (val, ch): channel record byte +2 (DAT_000a53f0) = ((val*45)/100)*2; snd_gus_note_on_6e712 adds it to the patch chorus word (DAT_000a5612 + patch) clamped to 0xff and writes it to bits 31-24 of the CSL register (poke_w code 0x70|voice = reg 7 Data0), i.e. the EMU8000 chorus send amount; reset to 0 by snd_gus_reset_controllers_6f2a5"
0x0006eeca,snd_awe32_cc_pan_6eeca,"(EMU8000/AWE32 driver, formerly snd_gus_) Channel byte +3 (DAT_000a53f1) = -2*val-2 (CC 10 pan: 63 -> 0x80 centre, which is the default set by 6f2a5)"
0x0006eeea,snd_awe32_cc_volume_6eeea,"(EMU8000/AWE32 driver, formerly snd_gus_) Channel byte +5 (DAT_000a53f3, default 100 = GM CC7 default) = val; then for each of 30 voices (DAT_000a516c, 10-byte entries, high byte of word 0 = channel) peek/poke GUS volume registers"
0x0006eff1,snd_awe32_cc_expression_6eff1,"(EMU8000/AWE32 driver, formerly snd_gus_) Channel byte +4 (DAT_000a53f2, default 0x7f = CC11 default) = val, then re-applies volume via 6eeea"
0x0006f01a,snd_awe32_cc_sustain_6f01a,"(EMU8000/AWE32 driver, formerly snd_gus_) CC 0x40: val < 0x40 -> sustain off (channel byte +0 = 0) and releases held voices (word0 low byte 0xff = released-while-sustained marker) by setting entry 0xffff and poking voice stop; else sustain flag = 1"
0x0006f0bc,snd_awe32_pitch_bend_apply_6f0bc,"(EMU8000/AWE32 driver, formerly snd_gus_) Channel word +6 (DAT_000a53f4) = bend/30; for every active voice on the channel re-reads and rewrites the GUS frequency register"
0x0006f166,snd_awe32_cc_nrpn_lsb_6f166,"(EMU8000/AWE32 driver, formerly snd_gus_) Channel word +0x14 (DAT_000a5402) = 0x100 (parameter-select marker), low byte of +0x16 (DAT_000a5404) = val (CC 98/100 low)"
0x0006f192,snd_awe32_cc_nrpn_msb_6f192,"(EMU8000/AWE32 driver, formerly snd_gus_) Same marker, high byte of +0x16 = val (CC 99/101 high)"
0x0006f1b4,snd_awe32_cc_data_entry_msb_6f1b4,"(EMU8000/AWE32 driver, formerly snd_gus_) If parameter select == 0x100 and +0x16 == 0 (RPN 0 = pitch bend range): high byte of +0xa (DAT_000a53f8, default 0x200 = 2 semitones) = val, returns 0; else 1"
0x0006f233,snd_awe32_cc_data_entry_lsb_6f233,"(EMU8000/AWE32 driver, formerly snd_gus_) Same guard; low byte of bend range word +0xa = val (cents)"
0x0006f2a5,snd_awe32_reset_controllers_6f2a5,"(EMU8000/AWE32 driver, formerly snd_gus_) CC 0x79 defaults for channel (ch & 0xf): +1/+2 = 0, pan +3 = 0x80, expression +4 = 0x7f, volume +5 = 100, bend +6 = 0, sustain +0 = 0, +0xc = 0, bend range +0xa = 0x200, +0x16/+0x18 = 0xffff, bank +0x10 = 0, +0x12 = 0xffff"
0x0006f33b,snd_awe32_all_notes_off_6f33b,"(EMU8000/AWE32 driver, formerly snd_gus_) CC 0x7b: every voice entry (30 x 10 bytes at DAT_000a516c) whose channel nibble matches -> entry = 0xffff and poke voice stop"
0x0006f395,snd_awe32_controller_6f395,"(EMU8000/AWE32 driver, formerly snd_gus_) MIDI controller dispatch"
0x0006f586,snd_awe32_program_change_6f586,"(EMU8000/AWE32 driver, formerly snd_gus_) Program change"
0x0006f6e6,snd_awe32_channel_pressure_noop_6f6e6,"(EMU8000/AWE32 driver, formerly snd_gus_) push ebp; mov ebp,esp; jmp 0x6f4b7 = shared tail `xor eax,eax; pop ebp; ret 0xc`: 3-arg no-op returning 0; the 0xDx channel-pressure handler of snd_gus_midi_send_event_68370"
0x0006f6ee,snd_awe32_set_bend_6f6ee,"(EMU8000/AWE32 driver, formerly snd_gus_) Channel word +8 (DAT_000a53f6) = val/30, then snd_gus_pitch_bend_apply_6f0bc; no callers (driver-internal entry)"
0x0006f72e,snd_awe32_pitch_bend_6f72e,"(EMU8000/AWE32 driver, formerly snd_gus_) Pitch bend"
0x0006f801,snd_awe32_set_chorus_mode_6f801,"EMU8000 chorus preset (type 0..7, else returns 1): the exact Creative chorus sequence INIT3(9), INIT3(12), INIT4(3) (poke_b codes 0x3409/0x340c/0x3603) then dwords HWCF4, HWCF5 (0x1409/0x140a), HWCF6=0x8000, HWCF7=0 (0x140d/0x140e) from the 8 x 14-byte preset table DAT_000a4a38 (entry 0 = E600 03F6 BC2C 00000000 0000006D = Chorus 1); reached through the SysEx table DAT_000a4c84 (+0x12 handler pointer at 0xa4cac) from snd_gus_match_sysex_6f911 for Roland GS DT1 'F0 41 xx 42 12 40 01 38 vv' (chorus macro)"
0x0006f895,snd_awe32_set_reverb_mode_6f895,"EMU8000 reverb preset (type 0..7, else returns 1): 28 poke_b word writes whose pointer codes come from the byte table DAT_000a4aa8 (byte/32 selects INIT1 0x2400 / INIT2 0x2600 / INIT3 0x3400 / INIT4 0x3600, byte%32 = channel: INIT1(3) INIT1(5) INIT4(1f) INIT1(7) INIT2(14) INIT2(16) ...) and values from DAT_000a4ac4 + type*0x38 (8 x 28 words, type 0 = B488 A450 9550 84B5 383A 3EB5 72F4 ... = Room 1); reached through the SysEx table DAT_000a4c84 (handler pointer at 0xa4c96) from snd_gus_match_sysex_6f911 for Roland GS DT1 '40 01 30 vv' (reverb macro)"
0x0006f911,snd_awe32_match_sysex_6f911,"(EMU8000/AWE32 driver, formerly snd_gus_) (len, ptr): matches an incoming SysEx against the two 0x16-byte templates at DAT_000a4c84 (0xfe = wildcard, 0xff = end, +0x10 = index of the value byte, +0x12 = handler): F0 41 xx 42 12 40 01 30 vv cs F7 (Roland GS DT1 reverb macro) -> snd_gus_setup_regs_b_6f895(value) and 40 01 38 (GS chorus macro) -> snd_gus_setup_regs_a_6f801(value); returns the handler result or 1 when nothing matched"
0x0006f986,snd_awe32_detect_6f986,"(EMU8000/AWE32 driver, formerly snd_gus_) Probe GUS at base and base+0x400"
0x0006f9cc,snd_awe32_probe_6f9cc,"(EMU8000/AWE32 driver, formerly snd_gus_) Register-pattern probe"
0x0006fa55,snd_awe32_delay_6fa55,"(EMU8000/AWE32 driver, formerly snd_gus_) Timer-based delay"
0x0006fa8a,snd_awe32_reset_voices_6fa8a,"(EMU8000/AWE32 driver, formerly snd_gus_) Reset 32 voices"
0x0006fb90,snd_awe32_init_voices_6fb90,"(EMU8000/AWE32 driver, formerly snd_gus_) Voice table init"
0x0006fc38,snd_awe32_init_regs_6fc38,"(EMU8000/AWE32 driver, formerly snd_gus_) Register init"
0x0007000e,snd_awe32_init_dram_7000e,"(EMU8000/AWE32 driver, formerly snd_gus_) DRAM/DMA init (port+0x802 0x3e)"
0x00070154,snd_awe32_upload_patches_70154,"(EMU8000/AWE32 driver, formerly snd_gus_) Patch upload loop"
0x000703e2,snd_awe32_init_703e2,"(EMU8000/AWE32 driver, formerly snd_gus_) Top-level GUS init"
0x00070480,snd_awe32_shutdown_70480,"(EMU8000/AWE32 driver, formerly snd_gus_) Silence voices"
0x000704b6,snd_awe32_get_hw_block_704b6,"Returns &DAT_000a4eb8 = the EMU8000 driver's hardware block {+0 dword 0x5678 marker, +4 0, +8 word 0x1e = 30 voices, +0xa word DAT_000a4ec2 = EMU8000 base port (0x620 default; pointer reg at +0x802, Data0/1/2/3 at +0/+0x400/+0x402/+0x800), +0xc dword DAT_000a4ec4 = sample DRAM size found by the 0x1234 write/read probe minus 0x200000}; no call, jmp or data reference anywhere in the image (dead driver export)"
0x000704cd,snd_opl_set_channel_volume_704cd,"CORRECTED meaning: CC 7 handler: DAT_000a41a8[ch] = volume, DAT_000a420c[ch] = 1, then for every active voice on the channel rewrites the operator level registers (two snd_opl_write_69f9c; carrier only if timbre byte +0xe says additive)"
0x00070675,hmi_lock_marker_70675,empty marker (no lock-list entry) between snd_opl_set_channel_volume_704cd and snd_opl_alloc_voice_70697; same compiled-in delimiter as the OPL markers
0x00070697,snd_opl_alloc_voice_70697,CONFIRMED: first free voice (DAT_000a401c[v] == 0); else steal a voice belonging to a channel without pending bend (DAT_000a4124 == 0); else voice = note % 9 fallback (arg - 9 if > 8)
0x0007073c,hmi_lock_marker_7073c,empty marker (no lock-list entry) between snd_opl_alloc_voice_70697 and snd_opl_program_change_7075e
0x0007075e,snd_opl_program_change_7075e,DAT_000a4080[channel] = program (from the 3-byte event); used by 6911c and by 69401 to reset voices to program 0
0x000707bf,crt_utoa_707bf,"utoa (radix table ""0123456789abcdef..."")"
0x00070811,crt_itoa_70811,itoa
0x00070846,crt_itoa_wrap_70846,"stack wrapper: re-pushes (value, buf, radix) and calls crt_itoa_70811"
0x00070860,crt_no_fp_support_70860,Fatal message helper
0x00070895,crt_ultoa_70895,ultoa
0x000708e5,crt_ltoa_708e5,ltoa
0x0007091a,crt_ltoa_wrap_7091a,"stack wrapper: re-pushes (value, buf, radix) and calls crt_ltoa_708e5"
0x00070942,crt_toupper_70942,toupper
0x00070954,crt_stackavail_70954,ESP - stack low
0x0007095e,crt_record_ss_7095e,DAT_000a9c24 = SS; the saved selector is compared by crt_alloca_check_70979 so the stack check is skipped when running on another stack (ISR)
0x00070966,crt_stack_check_70966,__CHK stack probe
0x00070979,crt_alloca_check_70979,alloca validation
0x00070997,crt_heap_alloc_block_70997,Allocate from a heap segment's free list
0x00070a4c,crt_heap_free_block_70a4c,Free with coalescing
0x00070b57,crt_heap_unlink_70b57,Unlink heap segment
0x00070b98,crt_heap_shrink_70b98,Release empty segment (int 21h 49h or DPMI 0x502)
0x00070bf6,crt_heap_realloc_dpmi_block_70bf6,"Watcom __ReAllocDPMIBlock(block, new size): finds the heap segment in DAT_000a4670 whose first block (+0x2c) is the pointer, crt_heap_unlink_70b57, requires seg[-1] == 0, DPMI AX=0503h resize (handle SI:DI from the segment header-8, BX:CX = new size rounded up to 4K), stores the new linear address, crt_heap_link_70d10, seg+0x18 = 1; if the remainder >= 0xc splits it and crt_nfree_6b900 frees the tail; returns the block or 0"
0x00070d10,crt_heap_link_70d10,Insert heap segment in address order
0x00070d84,crt_heap_end_check_70d84,Heap end vs segment limit
0x00070dcf,crt_heap_grow_dpmi_70dcf,Grow via DPMI 0x501 or int 21h 48h
0x00070ea1,crt_heap_grow_70ea1,sbrk-style growth
0x00070f70,crt_heap_expand_70f70,Expand heap
0x000710cb,crt_heap_round_size_710cb,Rounds growth size (amblksiz DAT_000ac134)
0x00071141,crt_ret_zero_71141,xor eax eax; ret
0x00071144,crt_set_amblksiz_71144,amblksiz = 0x8000
0x0007114f,crt_tell_7114f,tell
0x00071161,crt_init_std_streams_71161,"Watcom __InitFiles: sets stderr (third FILE, flag byte 0xa287d) to _IONBF (bits 8-10 = 4), walks the FILE table 0xa283c (0x1a stride) while _flag (+0xc) != 0 and links each into the __OpenStreams list DAT_001319f4 with 8-byte {next, FILE*} nodes (nmalloc, fatal error on failure); DAT_00131460 = terminator flag"
0x000711d6,crt_full_io_exit_711d6,Flush and free streams at exit
0x000711f0,crt_flushall_711f0,flushall
0x0007124b,crt_qwrite_7124b,Raw write
0x000712c4,crt_unlink_712c4,int 21h 41h
0x000712e6,crt_flushall_712e6,flushall(): crt_flush_streams_712f1(-1)
0x000712f1,crt_flush_streams_712f1,Flush streams matching flag
0x00071328,crt_getche_71328,"returns and clears the pushed-back char DAT_000a46a0 (ungetch buffer), else int 21h AH=01h read keyboard with echo; used by crt_fill_buffer_6c0dd for unbuffered TTY stdin"
0x00071343,crt_qread_71343,Raw read
0x0007136e,crt_fdfs_7136e,"Watcom __FDFS double->float: exponent 0 -> 0; shifts mantissa left, rounds (+0x20000000), inf (0x7f800000|sign) if biased exponent >= 0x8fe00000 after shift, 0 if below 0x70200000, else rebias by 0x70000000 and shift 2; used by the scanf float path 6c8c1 to store %f"
0x000713ba,crt_setenvp_713ba,"Watcom __setenvp: counts strings in the DOS environment (FS = DAT_000a46b5 selector, offset DAT_000a46b1), nmallocs the pointer array (_environ = DAT_000a46c0) and a copy of all strings (DAT_000a46c4), fills pointers, zero-terminates"
0x00071498,dos_findfirst_71498,int 21h 1Ah set DTA + 4Eh
0x000714c5,dos_findnext_714c5,"_dos_findnext(dta): int 21h AH=1Ah set DTA, dos_dta_copy_in_7150b, AH=4Fh find next, crt_dos_result_71c12 (CF -> errno), dos_dta_copy_714e8"
0x000714e8,dos_dta_copy_714e8,Copies DTA under extender type 9
0x0007150b,dos_dta_copy_in_7150b,extender type 9 only (DAT_000a46ae == 9): AH=2Fh get DTA then copies the 0x2b-byte find record from the caller buffer (EDX) into the real DTA (ES:EBX); reverse direction of dos_dta_copy_714e8 (which copies DTA -> caller)
0x0007152e,crt_stpcpy_7152e,Copy returning end pointer
0x00071547,crt_build_envblock_71547,Environment block for spawn
0x000716a6,crt_build_cmdtail_716a6,Command tail builder
0x00071713,dos_exec_71713,int 21h 4Bh EXEC with parameter block 0xac100
0x000717e6,crt_strlen_717e6,repne scasb strlen
0x000717ff,crt_splitpath_pcopy_717ff,"RENAMED: Watcom _splitpath pcopy(char **field, char *dst, begin, end): if field NULL returns dst; *field = dst, copies min(end-begin, 0x92 = _MAX_PATH2) bytes, NUL, returns dst+len+1. Not environment related"
0x00071854,crt_splitpath_71854,_splitpath
0x000718f2,crt_ret_stub_718f2,1-byte ret before crt_makepath_sep
0x000718f3,crt_makepath_sep_718f3,Path separator normalisation
0x00071911,crt_makepath_71911,_makepath
0x000719fe,crt_spawnl_719fe,"RENAMED: spawnl(mode, path, arg0, ...) = crt_spawn_6d999(mode, path, &arg0 (stack varargs), _environ DAT_000a46c0); called from the spawn core for .bat via COMSPEC"
0x00071a1f,crt_spawnvp_71a1f,"RENAMED: spawnvp(mode, path, argv) = crt_spawn_path_search_71c25(mode, path, argv, _environ) (that function is spawnvpe); wrapper 0x6dcf2 is spawnlp. The real system() is crt_system_658d5"
0x00071a42,crt_fatal_error_stub_71a42,"loads (msg, code) from the stack into EAX/EDX and jumps to crt_fatal_error_6275c; called by crt_fatal_runtime_error_71a4f"
0x00071a4f,crt_fatal_runtime_error_71a4f,"Watcom __fatal_runtime_error(msg, code): calls crt_debugger_trap_71d84(DS, msg); if the debugger did not take it, 71a42 -> crt_fatal_error_6275c (writes msg, exits). Callers: crt_no_fp_support_70860, heap allocator 70997, stream init 71161"
0x00071a7d,crt_heapenable_71a7d,_heapenable(flag): returns the old __heap_enabled DAT_000ac130 and stores the new one; crt_heap_grow_70ea1 / crt_heap_expand_70f70 return 0 when it is 0 (or DAT_000a4680 == -2)
0x00071b4f,crt_sbrk_71b4f,int 21h 4Ah resize
0x00071c12,crt_dos_result_71c12,CF -> errno
0x00071c25,crt_spawn_path_search_71c25,Searches PATH
0x00071d84,crt_debugger_trap_71d84,"If DAT_000ac138 (debugger-present byte set by the Watcom debugger) != 0: pushes (selector, msg) and executes int 3 followed by the 'WVIDEO' signature bytes, returns 1; else returns 0"
0x00071daf,crt_strchr_71daf,strchr
0x00071dcd,crt_memcpy_71dcd,memcpy (dword then byte)
0x00071e00,terrain_height_at_71e00,Interpolated terrain height at world (x
0x00071f08,terrain_fractal_fill_71f08,Diamond-square fractal on the 16-bit map at 0x10DFB0 (seed value at arg +0xc); 7 octaves; LCG *0x24a1+0x24df. Callers: terrain_build_303f0 and tables_load_or_generate_3eaa0.
0x00071f92,terrain_fractal_square_step_71f92,Square step of 71f08 (fills centre of 2s x 2s cell if still 0).
0x00072027,terrain_fractal_diamond_step_72027,Diamond step of 71f08 (two edge midpoints).
0x00072147,texture_average_colours_72147,For each texture pointer in DAT_0009afec averages a 32x32 block (stride 0x100 bytes/row... actually +0xe1 after 32 pixels => 256-byte rows) through the RGB palette (arg) and finds the nearest palette entry; builds a per-texture average-colour table (used by the overview map 43910/43610 through DAT_000cd9b0).
0x00072217,castle_mark_footprint_circle_72217,"(x 16.16, y 16.16, radius in cells): ORs bit 0x80 (built / castle footprint) into the cell flag map DAT_000fdfb0[(y>>16)<<8 | (x>>16)] over a filled circle: centre row +-(r-1), then rows +-k with half-width g_circle_profile[(k*0x10000/r)>>8]*r>>8 (same table as ui_draw_radar_43610); setter counterpart of castle_footprint_clear_11980; no callers"
0x000722e3,poly_fill_triangle_722e3,Triangle rasteriser. Sorts the 3 vertices (int x
0x00078dd5,render_set_viewport_78dd5,Sets the software render target: DAT_0009b5f4 dest ptr (DAT_0009b5f0 = dest - pitch)
0x00078e23,render_draw_line_clipped_78e23,"(p1 {int x, int y}, p2): 16-bit line clipped to the software viewport 0..DAT_0009b600-1 x 0..DAT_0009b604-1 (render_set_viewport_78dd5) with parametric edge intersections, drawn in g_fill_colour at DAT_0009b5f4 + y*DAT_0009b5fc: horizontal -> rep stosb, vertical -> pitch loop, else Bresenham with straight/diagonal step pair; game code placed late by the linker (between render_set_viewport_78dd5 and vesa_present_anaglyph16_79246)"
0x00079246,vesa_present_anaglyph16_79246,Bank-switched present of left (DAT_0012ed74) and right (DAT_000adf70) eye buffers through anaglyph16_combine_793b0 (hi-colour anaglyph).
0x0007935b,vesa_present_anaglyph16_small_7935b,Single-bank variant of 79246.
0x000793b0,anaglyph16_combine_793b0,16-bit pixel = table[left] + table2[right] (two 256-entry word tables at ESI and ESI+0x200) written to 0xA0000.
0x0007946d,vesa_copy_interlaced_7946d,Copies alternate 640-byte rows into two VRAM halves (bank switching) - shutter-glasses / interlaced stereo output.
0x000795b4,con_get_cursor_795b4,Cursor position
0x000795e6,con_set_cursor_795e6,Set cursor (int 10h 02h)
0x0007968a,con_write_chars_7968a,Writes chars with wrap/scroll
0x0007984e,con_print_string_7984e,Text-mode console print (Watcom graph lib style int 10h cursor)
0x00079888,con_outmem_79888,"graph.lib _outmem(text, length): con_reinit_video_state_79b20, con_hide_cursor_79c48, con_write_chars_7968a(text, length, 0), con_show_cursor_79dc4"
0x0007998d,con_calc_page_size_7998d,"graph.lib text init: page bytes = rows DAT_001319aa * cols DAT_001319a8 * 2 rounded to 256 -> BIOS data area 0x44c (DAT_000a4655 = 0x400 base); pages DAT_001319b0 = (16K if DAT_001319b8 == 0x40 else 32K) / page, max 8"
0x000799fc,con_init_799fc,Video state init from BIOS data
0x00079b20,con_reinit_video_state_79b20,"If DAT_000a45b8 (re-init needed): con_init_video_segments_7a6ef, con_init_799fc, text window = whole screen (DAT_001319ee/e2/e8/ec/ea/e6), cursor row/col DAT_001319a0/a2 from BIOS 0x450 cursor word"
0x00079ba7,con_set_gfx_mode_params_79ba7,"records the selected graphics mode: DAT_000a45b9 = 1 (graphics), con_init_799fc, DAT_001319a4/a6 = x/y resolution, 1319ac colours, 1319ae planes/bpp, 1319b0 pages, 1319d4/1319d6/1319da device words, 1319dc |= flags, copies to 1319ce/1319d0 (graph.lib _setvideomode helper)"
0x00079c48,con_hide_cursor_79c48,"If cursor shown (DAT_000a45ca): text mode (DAT_000a45b9 == 0) -> int 10h AH=1 with bit 5 set via 79cb2(0); graphics mode -> if BIOS cursor pos (0x450 + 2*page DAT_000a45cc) equals our row/col, XOR the cell back (79cd9); DAT_000a45ca = 0. Starts at 0x79c4a"
0x00079cb2,con_set_video_mode_79cb2,int 10h AH=0
0x00079cd9,con_xor_cursor_cell_79cd9,"Graphics-mode text cursor: _setplotaction(4 = _GXOR), colour = (ncolours DAT_001319ac - 1) & 0xf, computes the cell rectangle at cursor (pixel size = DAT_001319a4/a8 x DAT_001319a6/aa), draws it via con_draw_glyph_clipped_7a819, restores plot action and colour"
0x00079d7c,con_require_graphics_mode_79d7c,_GrStatus DAT_000a45ba = 0; if not in graphics mode (DAT_000a45b9 == 0) status = -3 (_GRNOTINPROPERMODE); returns the graphics flag. Second entry at 0x79da0 also hides the cursor
0x00079da0,con_require_graphics_hide_cursor_79da0,"_GrStatus DAT_000a45ba = 0; text mode (DAT_000a45b9 == 0) -> -3 _GRNOTINPROPERMODE, else con_hide_cursor_79c48; jumps into the tail of con_require_graphics_mode_79d7c (0x79d97) to return the graphics flag"
0x00079dc4,con_show_cursor_79dc4,"If cursor enabled (DAT_000a45c8 == 1) jumps to 0x79c1a: if not already shown, text mode -> cursor shape visible (79cb2(1)), graphics -> XOR cell (79cd9); DAT_000a45ca = 1. Bytes 0x79dd6-0x79e01 are four device-dispatch thunks calling [DAT_001319ba]+0/4/8/0xc (79df0 = begin-draw, 79df9 = end-draw)"
0x00079df0,con_dev_begin_draw_79df0,"calls device driver table entry [DAT_001319ba + 8]; paired with con_dev_end_draw_79df9 around every graphics primitive (scroll 79fd8, put_char 7a1ec, line 7a922, fill_rows 7b665)"
0x00079df9,con_dev_end_draw_79df9,calls device driver table entry [DAT_001319ba + 0xc] (restore adapter state after a primitive)
0x00079e02,con_scroll_text_window_79e02,"graph.lib _scrolltextwindow(n): text mode -> con_move_text_rows_7a116 up or down (arg2 == 2 = down) inside window DAT_001319ea/ec..e6/e8 then con_clear_text_rows_7abfb for the vacated rows; graphics mode (0x79ee3, dropped by the decompiler) -> con_scroll_window_gfx_79fd8"
0x00079fd8,con_scroll_window_gfx_79fd8,"Graphics-mode scroll: row image bytes = con_image_row_bytes_7ad40 rounded to 4; if stack (DAT_000a4690 low) - size < 0x101 -> status -5 (_GRINSUFFICIENTMEMORY); else alloca buffer, plot action _GPSET, for each row get-image via device fn [tbl+0x10] into buffer and put-image at row+/-delta via device table pcRam00000044/40 entries, restores action"
0x0007a116,con_move_text_rows_7a116,"Text mode row move: src/dst = video base (DAT_000a4659 B000 for mode 7 else DAT_000a465d B800) + (row*cols + left)*2, copies (right-left+1)*2 bytes per row for n rows stepping by DAT_001319a8*2*dir"
0x0007a1ec,con_put_char_7a1ec,"graph.lib character output: text mode writes (attr DAT_000a45c5 << 8 | char) at page base (BIOS 0x44c * page DAT_000a45cc) + (row*cols+col)*2; graphics mode (blocks dropped by decompiler) uses built-in 8x8 font 0xaa660 or 8x14 font 0xab300, clears the cell with con_fill_cell_bg_gfx_7ab7e, _GXOR when attr bit 7 and 256 colours, then blits the glyph via con_draw_glyph_clipped_7a819"
0x0007a449,vga_detect_adapter_7a449,int 10h 1A00h display code
0x0007a52f,ega_detect_7a52f,int 10h 1200h BL=10h
0x0007a611,vga_detect_mono_7a611,Port 3BAh vertical sync probe
0x0007a699,con_detect_colour_crtc_7a699,con_probe_crtc_7a6b1(0x3d4) -> 2 (colour CRTC present) else 0; called by ega_detect_7a52f
0x0007a6b1,con_probe_crtc_7a6b1,"Writes CRTC index 0x0f at port, saves data, writes 0x5a, reads back, restores; returns true if 0x5a read back (CRTC present at 3B4h/3D4h). Used by vga_detect_mono_7a611 and 0x7a699 (colour probe at 3D4h)"
0x0007a6ef,con_init_video_segments_7a6ef,"For extender type DAT_000a46ae 1 (DOS4GW) or 9: BIOS data base DAT_000a4655 = 0x400, mono text DAT_000a4659 = 0xb0000, colour text DAT_000a465d = 0xb8000, graphics 0xa0000 -> DAT_000a4661, ROM DAT_000a4665 = 0xc0000, all selector words DAT_000a464b..4653 = DS (flat); DAT_001319e0 = DS"
0x0007a794,con_get_plot_action_7a794,"Maps internal mode DAT_000a45f3 to _getplotaction values: 0 -> _GOR(3), 1 -> _GXOR(4), 2 -> _GPRESET(1), 3 -> _GPSET(0)"
0x0007a7c0,con_set_plot_action_7a7c0,"_setplotaction(BX): returns previous via 7a794, then DAT_000a45f3 = 3 for _GPSET(0), 2 for _GPRESET(1), 1 for _GXOR(4), 0 for _GAND/_GOR; bracketed around every text draw"
0x0007a819,con_draw_glyph_clipped_7a819,Cohen-Sutherland clip of the cell rectangle (7b1d5); if any part visible calls con_draw_glyph_gfx_7a922
0x0007a864,con_lineto_clipped_7a864,"graph.lib _lineto worker (x1, y1, x2, y2): con_clip_rect_cs_7b1d5 -> 0 if fully outside; if the line style DAT_000a45ef != 0xffff and the start point moved, rotates the 16-bit style mask by max(|dx|,|dy|) & 15 so the pattern stays aligned; calls 0x7a922(x1, y1, x2, y2, colour DAT_000a45d4, style) and returns 1. Shows that 7a922/7b408 are the styled line primitive (7b408 emits shl bx,1/jnc = style bit test), not glyph code"
0x0007a922,con_draw_glyph_gfx_7a922,"begin-draw thunk 79df0, device fn [0x10] (set address), con_gen_glyph_blitter_7b408, end-draw thunk 79df9"
0x0007a9dc,gfx_get_mode_word_7a9dc,returns word DAT_000a45d4 (graph.lib mode info)
0x0007a9e3,con_set_color_7a9e3,_setcolor: if not in graphics mode (79d7c sets status -3) returns -1 else con_set_color_raw_7aa06
0x0007aa06,con_set_color_raw_7aa06,DAT_000a45d4 = colour & (ncolours DAT_001319ac - 1); returns previous colour
0x0007aa27,con_clearscreen_gfx_7aa27,"graph.lib _clearscreen(area) in graphics mode: 1 = _GVIEWPORT -> clip rect DAT_001319be..c4; 2 = _GWINDOW -> text window DAT_001319e6..ec converted to pixels with cell size (1319a4/1319a8, 1319a6/1319aa); else whole screen 0,0..w-1,h-1; con_fill_cell_bg_gfx_7ab7e then con_set_cursor_795e6(1,1) for areas 0 and 2"
0x0007ab7e,con_fill_cell_bg_gfx_7ab7e,"Fills a text cell rectangle in graphics mode: saves plot action, fill mask (7b5bd) and colour (7a9dc), solid mask, _setcolor(bg), con_fill_rows_7b665, restores colour, mask and plot action"
0x0007abfb,con_clear_text_rows_7abfb,"Text mode: fills rows top..bottom, cols left..right of the B800/B000 buffer with 0x0720 (space, attr 7)"
0x0007acac,con_imagesize_7acac,"graph.lib _imagesize(x1, y1, x2, y2): con_require_graphics_mode_79d7c else 0; adds the logical origin DAT_000a45c0/c2 and calls 0x7acf7 (not a function: (|dx|+1 -> con_image_row_bytes_7ad40) * (|dy|+1) + 6-byte header)"
0x0007ad40,con_image_row_bytes_7ad40,Bytes per image row: planar (DAT_001319dc & 1) -> ((w+7)/8) * planes DAT_001319ae; packed -> (w*bpp+7)/8
0x0007ad84,gfx_get_ptr_a4690_7ad84,returns DAT_000a4690 (graph.lib)
0x0007ad8a,svga_detect_chipset_7ad8a,"TRIDENT/""OAK""/""VGA="" env chipset detection"
0x0007b123,con_clip_outcode_7b123,"Cohen-Sutherland outcode of (dx, dy) relative to the clip box: x<0 -> 8, x>0 -> 4, y<0 -> 1, y>0 -> 2; any nonzero sets _GrStatus = 2 (_GRCLIPPED)"
0x0007b16d,con_clip_line_step_7b16d,"Moves endpoint (x,y) along the segment to the clip edge value: y += (|ex-x| * (ey-y) * 2 +/- |cx-x|) / (2*|cx-x|), x = cx (rounded intercept)"
0x0007b1d5,con_clip_rect_cs_7b1d5,"Cohen-Sutherland loop over two endpoints using 7b123/7b16d; returns code1 & code2 (nonzero = completely outside, caller skips drawing)"
0x0007b331,con_clip_snap_to_edge_7b331,"(&x, &y, outcode): bit 1 -> y = clip top DAT_001319c2, bit 2 -> y = clip bottom 1319c4, bit 4 -> x = clip right 1319c0, bit 8 -> x = clip left 1319be; Cohen-Sutherland helper next to con_clip_rect_cs_7b1d5"
0x0007b408,con_gen_glyph_blitter_7b408,"Generates an x86 loop on the stack from three device code fragments (length byte before each): 66 D1 C3 73 (shl bx,1 / jnc skip) + plot fragment, 4A 7C (dec edx / jl) , 81 EE imm (sub esi) 7F (jg) 81 C6 imm (add esi) + next-row fragment, EB back, C3; needs >= 0x101 bytes stack headroom (DAT_000a4690) else _GrStatus = -5; then calls it with (x, height>>1, y, bits)"
0x0007b5bd,con_get_fill_mask_7b5bd,_getfillmask: copies the 8-byte mask DAT_000a45d8 to the caller buffer; returns NULL if no mask set (DAT_000a45e8 == 0)
0x0007b5ec,con_set_fill_mask_7b5ec,_setfillmask: NULL -> restore default mask DAT_000a45e0 and DAT_000a45e8 = 0; else copy 8 bytes and set DAT_000a45e8 = (mask != default)
0x0007b665,con_fill_rows_7b665,"begin-draw, for y = y1..max(y1,y2) con_fill_scanline_7b8dc, end-draw (filled rectangle core used for cell backgrounds)"
0x0007b6bc,con_remapallpalette_vga_7b6bc,"(dword palette 0x00BBGGRR, count): dos_alloc_realmode_mem_7b75f(3*count), unpacks to R,G,B bytes, int 10h AX=1012h set DAC block via dos_realmode_int_7b828, dos_free_realmode_mem_7b7fa; returns 1, or 0 if the real-mode allocation failed (graph.lib _remapallpalette VGA path)"
0x0007b75f,dos_alloc_realmode_mem_7b75f,DPMI 0x100 or Phar Lap 25C0h
0x0007b7fa,dos_free_realmode_mem_7b7fa,DPMI 0x101 or 25C1h
0x0007b828,dos_realmode_int_7b828,DPMI 0x300 simulate real-mode int or Phar Lap 2511h
0x0007b8dc,con_fill_scanline_7b8dc,"If width > 0: device fn [0x10] set address, then device fn [EBX+0x38] (solid) or [EBX+0x3c] (masked, mask byte DAT_000a45d8[|y| & 7]) with (colour DAT_000a45d4, 0, mask<<8|.., width)"
# Round 5 (2026-10-07): naming debt from the port reports (docs/analysis/names_round5.md):
# creature states type*6+k, class-10 / class-9 state->type, castle handlers, start-position markers.
0x00011de0,ai_wizard_update_11de0,"Round 5: was player_type1_s1_update_11de0; class 3 state 1: computer wizard (port_ai_wizard.md). Thing update handler (Table A): class 3 Player, state (+0x46) 1. Table A is *(int*)(0x943da+class*0x12)."
0x00019b70,creature_dragon_s0_idle_19b70,"Round 5: was creature_generic_s0_update_19b70; dragon (type 0) base + 0: creature_idle_seek_leader(t, 0). Thing update handler (Table A): class 5 Creature, state (+0x46) 0. Table A is *(int*)(0x943da+class*0x12)."
0x00019ba0,creature_dragon_s2_attack_19ba0,"Round 5: was creature_dragon_s2_update_19ba0; dragon base + 2 (attack). Thing update handler (Table A): class 5 Creature, state (+0x46) 2. Table A is *(int*)(0x943da+class*0x12)."
0x00019bf0,creature_dragon_s3_follow_19bf0,"Round 5: was creature_dragon_s3_update_19bf0; dragon base + 3 (follow). Thing update handler (Table A): class 5 Creature, state (+0x46) 3. Table A is *(int*)(0x943da+class*0x12)."
0x00019c10,creature_dragon_s4_dying_19c10,"Round 5: was creature_dragon_s4_update_19c10; dragon base + 4 (dying). Thing update handler (Table A): class 5 Creature, state (+0x46) 4. Table A is *(int*)(0x943da+class*0x12)."
0x00019c20,creature_dragon_s5_dead_19c20,"Round 5: was creature_dragon_s5_update_19c20; dragon base + 5 (dead). Thing update handler (Table A): class 5 Creature, state (+0x46) 5. Table A is *(int*)(0x943da+class*0x12)."
0x00019c70,creature_vulture_s6_seek_mana_19c70,"Round 5: was creature_dragon_s6_update_19c70; vulture (type 1) base + 0: idle_seek_leader, then flies to the type-0x28 mana thing picked in state 7 (port_creatures.md). Thing update handler (Table A): class 5 Creature, state (+0x46) 6. Table A is *(int*)(0x943da+class*0x12)."
0x00019d10,creature_vulture_s7_main_19d10,"Round 5: was creature_vulture_s7_update_19d10; vulture base + 1 (main). Thing update handler (Table A): class 5 Creature, state (+0x46) 7. Table A is *(int*)(0x943da+class*0x12)."
0x00019de0,creature_vulture_s8_attack_19de0,"Round 5: was creature_vulture_s8_update_19de0; vulture base + 2 (attack). Thing update handler (Table A): class 5 Creature, state (+0x46) 8. Table A is *(int*)(0x943da+class*0x12)."
0x00019e30,creature_vulture_s9_follow_19e30,"Round 5: was creature_vulture_s9_update_19e30; vulture base + 3 (follow). Thing update handler (Table A): class 5 Creature, state (+0x46) 9. Table A is *(int*)(0x943da+class*0x12)."
0x00019e40,creature_vulture_s10_dying_19e40,"Round 5: was creature_vulture_s10_update_19e40; vulture base + 4 (dying). Thing update handler (Table A): class 5 Creature, state (+0x46) 10. Table A is *(int*)(0x943da+class*0x12)."
0x00019e50,creature_vulture_s11_dead_19e50,"Round 5: was creature_vulture_s11_update_19e50; vulture base + 5 (dead). Thing update handler (Table A): class 5 Creature, state (+0x46) 11. Table A is *(int*)(0x943da+class*0x12)."
0x00019e60,creature_bee_s12_idle_19e60,"Round 5: was creature_vulture_s12_update_19e60; bee (type 2) base + 0: creature_idle_seek_leader(t, 0xc). Thing update handler (Table A): class 5 Creature, state (+0x46) 12. Table A is *(int*)(0x943da+class*0x12)."
0x00019e80,creature_bee_s13_main_19e80,"Round 5: was creature_bee_s13_update_19e80; bee base + 1 (main). Thing update handler (Table A): class 5 Creature, state (+0x46) 13. Table A is *(int*)(0x943da+class*0x12)."
0x00019ed0,creature_bee_s14_attack_19ed0,"Round 5: was creature_bee_s14_update_19ed0; bee base + 2 (attack). Thing update handler (Table A): class 5 Creature, state (+0x46) 14. Table A is *(int*)(0x943da+class*0x12)."
0x00019fd0,creature_bee_s15_follow_19fd0,"Round 5: was creature_bee_s15_update_19fd0; bee base + 3 (follow). Thing update handler (Table A): class 5 Creature, state (+0x46) 15. Table A is *(int*)(0x943da+class*0x12)."
0x00019ff0,creature_bee_s16_dying_19ff0,"Round 5: was creature_bee_s16_update_19ff0; bee base + 4 (dying). Thing update handler (Table A): class 5 Creature, state (+0x46) 16. Table A is *(int*)(0x943da+class*0x12)."
0x0001a000,creature_bee_s17_dead_1a000,"Round 5: was creature_bee_s17_update_1a000; bee base + 5 (dead). Thing update handler (Table A): class 5 Creature, state (+0x46) 17. Table A is *(int*)(0x943da+class*0x12)."
0x0001a010,creature_worm_s18_idle_1a010,"Round 5: was creature_bee_s18_update_1a010; worm (type 3) base + 0: creature_idle_seek_leader(t, 0x12). Thing update handler (Table A): class 5 Creature, state (+0x46) 18. Table A is *(int*)(0x943da+class*0x12)."
0x0001a020,creature_worm_s19_main_1a020,"Round 5: was creature_worm_s19_update_1a020; worm base + 1 (main). Thing update handler (Table A): class 5 Creature, state (+0x46) 19. Table A is *(int*)(0x943da+class*0x12)."
0x0001a030,creature_worm_s20_attack_1a030,"Round 5: was creature_worm_s20_update_1a030; worm base + 2 (attack). Thing update handler (Table A): class 5 Creature, state (+0x46) 20. Table A is *(int*)(0x943da+class*0x12)."
0x0001a080,creature_worm_s21_follow_1a080,"Round 5: was creature_worm_s21_update_1a080; worm base + 3 (follow). Thing update handler (Table A): class 5 Creature, state (+0x46) 21. Table A is *(int*)(0x943da+class*0x12)."
0x0001a090,creature_worm_s22_dying_1a090,"Round 5: was creature_worm_s22_update_1a090; worm base + 4 (dying). Thing update handler (Table A): class 5 Creature, state (+0x46) 22. Table A is *(int*)(0x943da+class*0x12)."
0x0001a0a0,creature_worm_s23_dead_1a0a0,"Round 5: was creature_worm_s23_update_1a0a0; worm base + 5 (dead). Thing update handler (Table A): class 5 Creature, state (+0x46) 23. Table A is *(int*)(0x943da+class*0x12)."
0x0001a0b0,creature_archer_s24_idle_1a0b0,"Round 5: was creature_worm_s24_update_1a0b0; archer (type 4) base + 0: creature_idle_seek_leader(t, 0x18). Thing update handler (Table A): class 5 Creature, state (+0x46) 24. Table A is *(int*)(0x943da+class*0x12)."
0x0001a630,creature_archer_s26_attack_1a630,"Round 5: was creature_archer_s26_update_1a630; archer base + 2 (attack). Thing update handler (Table A): class 5 Creature, state (+0x46) 26. Table A is *(int*)(0x943da+class*0x12)."
0x0001a6f0,creature_archer_s27_follow_1a6f0,"Round 5: was creature_archer_s27_update_1a6f0; archer base + 3 (follow). Thing update handler (Table A): class 5 Creature, state (+0x46) 27. Table A is *(int*)(0x943da+class*0x12)."
0x0001a720,creature_archer_s28_dying_1a720,"Round 5: was creature_archer_s28_update_1a720; archer base + 4 (dying). Thing update handler (Table A): class 5 Creature, state (+0x46) 28. Table A is *(int*)(0x943da+class*0x12)."
0x0001a750,creature_archer_s29_dead_1a750,"Round 5: was creature_archer_s29_update_1a750; archer base + 5 (dead). Thing update handler (Table A): class 5 Creature, state (+0x46) 29. Table A is *(int*)(0x943da+class*0x12)."
0x0001a820,creature_crab_s30_start_1a820,"Round 5: was creature_archer_s30_update_1a820; crab (type 5) base + 0: thing_set_state(t, 0x1f). Thing update handler (Table A): class 5 Creature, state (+0x46) 30. Table A is *(int*)(0x943da+class*0x12)."
0x0001ac20,creature_crab_s32_attack_1ac20,"Round 5: was creature_crab_s32_update_1ac20; crab base + 2: creature_attack_target(.., 0x1e, creature_attack_volley). Thing update handler (Table A): class 5 Creature, state (+0x46) 32. Table A is *(int*)(0x943da+class*0x12)."
0x0001aed0,creature_crab_s34_dying_1aed0,"Round 5: was creature_crab_s34_update_1aed0; crab base + 4 (dying). Thing update handler (Table A): class 5 Creature, state (+0x46) 34. Table A is *(int*)(0x943da+class*0x12)."
0x0001aee0,creature_crab_s35_dead_1aee0,"Round 5: was creature_crab_s35_update_1aee0; crab base + 5 (dead). Thing update handler (Table A): class 5 Creature, state (+0x46) 35. Table A is *(int*)(0x943da+class*0x12)."
0x0001afa0,creature_kraken_s36_idle_1afa0,"Round 5: was creature_crab_s36_update_1afa0; kraken (type 6) base + 0: creature_idle_seek_leader (port_creatures2.md). Thing update handler (Table A): class 5 Creature, state (+0x46) 36. Table A is *(int*)(0x943da+class*0x12)."
0x0001afb0,creature_kraken_s37_main_1afb0,"Round 5: was creature_kraken_s37_update_1afb0; kraken base + 1 (main). Thing update handler (Table A): class 5 Creature, state (+0x46) 37. Table A is *(int*)(0x943da+class*0x12)."
0x0001b000,creature_kraken_s38_attack_1b000,"Round 5: was creature_kraken_s38_update_1b000; kraken base + 2 (attack). Thing update handler (Table A): class 5 Creature, state (+0x46) 38. Table A is *(int*)(0x943da+class*0x12)."
0x0001b390,creature_kraken_s39_follow_1b390,"Round 5: was creature_kraken_s39_update_1b390; kraken base + 3 (follow). Thing update handler (Table A): class 5 Creature, state (+0x46) 39. Table A is *(int*)(0x943da+class*0x12)."
0x0001b3e0,creature_kraken_s40_dying_1b3e0,"Round 5: was creature_kraken_s40_update_1b3e0; kraken base + 4 (dying). Thing update handler (Table A): class 5 Creature, state (+0x46) 40. Table A is *(int*)(0x943da+class*0x12)."
0x0001b3f0,creature_kraken_s41_dead_1b3f0,"Round 5: was creature_kraken_s41_update_1b3f0; kraken base + 5 (dead). Thing update handler (Table A): class 5 Creature, state (+0x46) 41. Table A is *(int*)(0x943da+class*0x12)."
0x0001b400,creature_troll_s42_idle_1b400,"Round 5: was creature_kraken_s42_update_1b400; troll (type 7) base + 0: creature_idle_seek_leader (port_creatures2.md). Thing update handler (Table A): class 5 Creature, state (+0x46) 42. Table A is *(int*)(0x943da+class*0x12)."
0x0001b410,creature_troll_s43_main_1b410,"Round 5: was creature_troll_s43_update_1b410; troll base + 1 (main). Thing update handler (Table A): class 5 Creature, state (+0x46) 43. Table A is *(int*)(0x943da+class*0x12)."
0x0001b470,creature_troll_s44_attack_1b470,"Round 5: was creature_troll_s44_update_1b470; troll base + 2 (attack). Thing update handler (Table A): class 5 Creature, state (+0x46) 44. Table A is *(int*)(0x943da+class*0x12)."
0x0001b510,creature_troll_s45_follow_1b510,"Round 5: was creature_troll_s45_update_1b510; troll base + 3 (follow). Thing update handler (Table A): class 5 Creature, state (+0x46) 45. Table A is *(int*)(0x943da+class*0x12)."
0x0001b530,creature_troll_s46_dying_1b530,"Round 5: was creature_troll_s46_update_1b530; troll base + 4 (dying). Thing update handler (Table A): class 5 Creature, state (+0x46) 46. Table A is *(int*)(0x943da+class*0x12)."
0x0001b540,creature_troll_s47_dead_1b540,"Round 5: was creature_troll_s47_update_1b540; troll base + 5 (dead). Thing update handler (Table A): class 5 Creature, state (+0x46) 47. Table A is *(int*)(0x943da+class*0x12)."
0x0001b550,creature_griffon_s48_idle_1b550,"Round 5: was creature_troll_s48_update_1b550; griffon (type 8) base + 0: creature_idle_seek_leader (port_creatures2.md). Thing update handler (Table A): class 5 Creature, state (+0x46) 48. Table A is *(int*)(0x943da+class*0x12)."
0x0001b560,creature_griffon_s49_main_1b560,"Round 5: was creature_griffon_s49_update_1b560; griffon base + 1 (main). Thing update handler (Table A): class 5 Creature, state (+0x46) 49. Table A is *(int*)(0x943da+class*0x12)."
0x0001b940,creature_griffon_s50_attack_1b940,"Round 5: was creature_griffon_s50_update_1b940; griffon base + 2 (attack). Thing update handler (Table A): class 5 Creature, state (+0x46) 50. Table A is *(int*)(0x943da+class*0x12)."
0x0001ba60,creature_griffon_s51_follow_1ba60,"Round 5: was creature_griffon_s51_update_1ba60; griffon base + 3 (follow). Thing update handler (Table A): class 5 Creature, state (+0x46) 51. Table A is *(int*)(0x943da+class*0x12)."
0x0001ba70,creature_griffon_s52_dying_1ba70,"Round 5: was creature_griffon_s52_update_1ba70; griffon base + 4 (dying). Thing update handler (Table A): class 5 Creature, state (+0x46) 52. Table A is *(int*)(0x943da+class*0x12)."
0x0001baf0,creature_griffon_s53_dead_1baf0,"Round 5: was creature_griffon_s53_update_1baf0; griffon base + 5 (dead). Thing update handler (Table A): class 5 Creature, state (+0x46) 53. Table A is *(int*)(0x943da+class*0x12)."
0x0001bb00,creature_skeleton_s54_rise_1bb00,"Round 5: was creature_skeleton_s54_update_1bb00; skeleton (type 9) base + 0: the rising animation the constructor starts in (port_creatures.md). Thing update handler (Table A): class 5 Creature, state (+0x46) 54. Table A is *(int*)(0x943da+class*0x12)."
0x0001bb70,creature_skeleton_s55_main_1bb70,"Round 5: was creature_skeleton_s55_update_1bb70; skeleton base + 1 (main). Thing update handler (Table A): class 5 Creature, state (+0x46) 55. Table A is *(int*)(0x943da+class*0x12)."
0x0001c790,creature_skeleton_s57_follow_1c790,"Round 5: was creature_skeleton_s57_update_1c790; skeleton base + 3 (follow). Thing update handler (Table A): class 5 Creature, state (+0x46) 57. Table A is *(int*)(0x943da+class*0x12)."
0x0001c7c0,creature_skeleton_s58_dying_1c7c0,"Round 5: was creature_skeleton_s58_update_1c7c0; skeleton base + 4 (dying). Thing update handler (Table A): class 5 Creature, state (+0x46) 58. Table A is *(int*)(0x943da+class*0x12)."
0x0001c7d0,creature_skeleton_s59_dead_1c7d0,"Round 5: was creature_skeleton_s59_update_1c7d0; skeleton base + 5 (dead). Thing update handler (Table A): class 5 Creature, state (+0x46) 59. Table A is *(int*)(0x943da+class*0x12)."
0x0001c8e0,creature_emu_s60_idle_1c8e0,"Round 5: was creature_skeleton_s60_update_1c8e0; emu (type 10) base + 0: creature_idle_seek_leader(t, 0x3c) (port_creatures3.md). Thing update handler (Table A): class 5 Creature, state (+0x46) 60. Table A is *(int*)(0x943da+class*0x12)."
0x0001c8f0,creature_emu_s61_main_1c8f0,"Round 5: was creature_emu_s61_update_1c8f0; emu base + 1 (main). Thing update handler (Table A): class 5 Creature, state (+0x46) 61. Table A is *(int*)(0x943da+class*0x12)."
0x0001c900,creature_emu_s62_attack_1c900,"Round 5: was creature_emu_s62_update_1c900; emu base + 2 (attack). Thing update handler (Table A): class 5 Creature, state (+0x46) 62. Table A is *(int*)(0x943da+class*0x12)."
0x0001c920,creature_emu_s63_follow_1c920,"Round 5: was creature_emu_s63_update_1c920; emu base + 3 (follow). Thing update handler (Table A): class 5 Creature, state (+0x46) 63. Table A is *(int*)(0x943da+class*0x12)."
0x0001c930,creature_emu_s64_dying_1c930,"Round 5: was creature_emu_s64_update_1c930; emu base + 4 (dying). Thing update handler (Table A): class 5 Creature, state (+0x46) 64. Table A is *(int*)(0x943da+class*0x12)."
0x0001c940,creature_emu_s65_dead_1c940,"Round 5: was creature_emu_s65_update_1c940; emu base + 5 (dead). Thing update handler (Table A): class 5 Creature, state (+0x46) 65. Table A is *(int*)(0x943da+class*0x12)."
0x0001c950,creature_genie_s66_vanish_appear_1c950,"Round 5: was creature_genie_s66_update_1c950; genie (type 11) base + 0 (constructor state): vanish / appear transition (port_creatures3.md). Thing update handler (Table A): class 5 Creature, state (+0x46) 66. Table A is *(int*)(0x943da+class*0x12)."
0x0001caf0,creature_genie_s67_hidden_1caf0,"Round 5: was creature_genie_s67_update_1caf0; genie base + 1: hidden wander, regeneration, enemy / mana search. Thing update handler (Table A): class 5 Creature, state (+0x46) 67. Table A is *(int*)(0x943da+class*0x12)."
0x0001ce80,creature_genie_s68_attack_1ce80,"Round 5: was creature_genie_s68_update_1ce80; genie base + 2: visible attack (class-9 type-8 shots). Thing update handler (Table A): class 5 Creature, state (+0x46) 68. Table A is *(int*)(0x943da+class*0x12)."
0x0001d1f0,creature_genie_s69_follow_1d1f0,"Round 5: was creature_genie_s69_update_1d1f0; genie base + 3 (follow). Thing update handler (Table A): class 5 Creature, state (+0x46) 69. Table A is *(int*)(0x943da+class*0x12)."
0x0001d200,creature_genie_s70_dying_1d200,"Round 5: was creature_genie_s70_update_1d200; genie base + 4 (dying). Thing update handler (Table A): class 5 Creature, state (+0x46) 70. Table A is *(int*)(0x943da+class*0x12)."
0x0001d210,creature_genie_s71_dead_1d210,"Round 5: was creature_genie_s71_update_1d210; genie base + 5 (dead). Thing update handler (Table A): class 5 Creature, state (+0x46) 71. Table A is *(int*)(0x943da+class*0x12)."
0x0001d9d0,creature_builder_s73_wander_1d9d0,"Round 5: was creature_builder_s73_update_1d9d0; builder base + 1: wander for aux think ticks, then look for a wizard castle (state 75). Thing update handler (Table A): class 5 Creature, state (+0x46) 73. Table A is *(int*)(0x943da+class*0x12)."
0x0001dc20,creature_builder_s74_walk_to_castle_1dc20,"Round 5: was creature_builder_s74_update_1dc20; builder base + 2: walk to the chosen wizard castle; within 0xa00 -> state 72. Thing update handler (Table A): class 5 Creature, state (+0x46) 74. Table A is *(int*)(0x943da+class*0x12)."
0x0001de90,creature_builder_s75_pick_castle_1de90,"Round 5: was creature_builder_s75_update_1de90; builder base + 3: pick the nearest wizard castle (effect 0x2d). Thing update handler (Table A): class 5 Creature, state (+0x46) 75. Table A is *(int*)(0x943da+class*0x12)."
0x0001e0a0,creature_builder_s76_dying_1e0a0,"Round 5: was creature_builder_s76_update_1e0a0; builder base + 4 (dying). Thing update handler (Table A): class 5 Creature, state (+0x46) 76. Table A is *(int*)(0x943da+class*0x12)."
0x0001e0b0,creature_builder_s77_dead_1e0b0,"Round 5: was creature_builder_s77_update_1e0b0; builder base + 5: blame the killer, dead. Thing update handler (Table A): class 5 Creature, state (+0x46) 77. Table A is *(int*)(0x943da+class*0x12)."
0x0001e130,creature_townie_s78_nop_1e130,"Round 5: was creature_builder_s78_update_1e130; townie (type 13) base + 0: ret. Thing update handler (Table A): class 5 Creature, state (+0x46) 78. Table A is *(int*)(0x943da+class*0x12)."
0x0001e140,creature_townie_s79_main_1e140,"Round 5: was creature_townie_s79_update_1e140; townie base + 1: walk to the nearest wizard castle and enter it. Thing update handler (Table A): class 5 Creature, state (+0x46) 79. Table A is *(int*)(0x943da+class*0x12)."
0x0001e4f0,creature_townie_s80_s81_nop_1e4f0,"Round 5: was creature_update_shared_1e4f0; townie base + 2 / + 3: ret. Shared update handler for class 5 (Creature) states [80, 81]."
0x0001e500,creature_townie_s82_dying_1e500,"Round 5: was creature_townie_s82_update_1e500; townie base + 4: arrived (aux != 0) -> vanish into the castle; killed -> blame and die. Thing update handler (Table A): class 5 Creature, state (+0x46) 82. Table A is *(int*)(0x943da+class*0x12)."
0x0001e5a0,creature_townie_s83_dead_1e5a0,"Round 5: was creature_townie_s83_update_1e5a0; townie base + 5 (dead). Thing update handler (Table A): class 5 Creature, state (+0x46) 83. Table A is *(int*)(0x943da+class*0x12)."
0x0001e5b0,creature_trader_s84_nop_1e5b0,"Round 5: was creature_townie_s84_update_1e5b0; trader (type 14) base + 0: ret. Thing update handler (Table A): class 5 Creature, state (+0x46) 84. Table A is *(int*)(0x943da+class*0x12)."
0x0001e5c0,creature_trader_s85_main_1e5c0,"Round 5: was creature_trader_s85_update_1e5c0; trader base + 1: walk to the nearest wizard castle farther than 0x3c00 and enter it. Thing update handler (Table A): class 5 Creature, state (+0x46) 85. Table A is *(int*)(0x943da+class*0x12)."
0x0001e980,creature_trader_s86_s87_nop_1e980,"Round 5: was creature_update_shared_1e980; trader base + 2 / + 3: ret. Shared update handler for class 5 (Creature) states [86, 87]."
0x0001e990,creature_trader_s88_dying_1e990,"Round 5: was creature_trader_s88_update_1e990; trader base + 4: arrived -> vanish; killed -> blame and die. Thing update handler (Table A): class 5 Creature, state (+0x46) 88. Table A is *(int*)(0x943da+class*0x12)."
0x0001e9c0,creature_trader_s89_dead_1e9c0,"Round 5: was creature_trader_s89_update_1e9c0; trader base + 5: blame the killer, dead. Thing update handler (Table A): class 5 Creature, state (+0x46) 89. Table A is *(int*)(0x943da+class*0x12)."
0x0001ea50,creature_type15_s90_idle_1ea50,"Round 5: was creature_trader_s90_update_1ea50; type 15 (castle-wall guard archer) base + 0: creature_idle_seek_leader(t, 0x5a) (port_creatures3.md). Thing update handler (Table A): class 5 Creature, state (+0x46) 90. Table A is *(int*)(0x943da+class*0x12)."
0x0001ea60,creature_type15_s91_main_1ea60,"Round 5: was creature_type15_s91_update_1ea60; type15 base + 1 (main). Thing update handler (Table A): class 5 Creature, state (+0x46) 91. Table A is *(int*)(0x943da+class*0x12)."
0x0001ecd0,creature_type15_s92_attack_1ecd0,"Round 5: was creature_type15_s92_update_1ecd0; type15 base + 2 (attack). Thing update handler (Table A): class 5 Creature, state (+0x46) 92. Table A is *(int*)(0x943da+class*0x12)."
0x0001eee0,creature_type15_s93_follow_1eee0,"Round 5: was creature_type15_s93_update_1eee0; type15 base + 3 (follow). Thing update handler (Table A): class 5 Creature, state (+0x46) 93. Table A is *(int*)(0x943da+class*0x12)."
0x0001eef0,creature_type15_s94_dying_1eef0,"Round 5: was creature_type15_s94_update_1eef0; type15 base + 4 (dying). Thing update handler (Table A): class 5 Creature, state (+0x46) 94. Table A is *(int*)(0x943da+class*0x12)."
0x0001ef00,creature_type15_s95_dead_1ef00,"Round 5: was creature_type15_s95_update_1ef00; type15 base + 5 (dead). Thing update handler (Table A): class 5 Creature, state (+0x46) 95. Table A is *(int*)(0x943da+class*0x12)."
0x0001f200,creature_wyvern_s96_idle_1f200,"Round 5: was creature_type15_s96_update_1f200; wyvern (type 16) base + 0: creature_idle_seek_leader(t, 0x60) (port_creatures3.md). Thing update handler (Table A): class 5 Creature, state (+0x46) 96. Table A is *(int*)(0x943da+class*0x12)."
0x0001f210,creature_wyvern_s97_main_1f210,"Round 5: was creature_wyvern_s97_update_1f210; wyvern base + 1 (main). Thing update handler (Table A): class 5 Creature, state (+0x46) 97. Table A is *(int*)(0x943da+class*0x12)."
0x0001f2e0,creature_wyvern_s98_attack_1f2e0,"Round 5: was creature_wyvern_s98_update_1f2e0; wyvern base + 2 (attack). Thing update handler (Table A): class 5 Creature, state (+0x46) 98. Table A is *(int*)(0x943da+class*0x12)."
0x0001f660,creature_wyvern_s99_follow_1f660,"Round 5: was creature_wyvern_s99_update_1f660; wyvern base + 3 (follow). Thing update handler (Table A): class 5 Creature, state (+0x46) 99. Table A is *(int*)(0x943da+class*0x12)."
0x0001f670,creature_wyvern_s100_dying_1f670,"Round 5: was creature_wyvern_s100_update_1f670; wyvern base + 4 (dying). Thing update handler (Table A): class 5 Creature, state (+0x46) 100. Table A is *(int*)(0x943da+class*0x12)."
0x0001f680,creature_wyvern_s101_dead_1f680,"Round 5: was creature_wyvern_s101_update_1f680; wyvern base + 5 (dead). Thing update handler (Table A): class 5 Creature, state (+0x46) 101. Table A is *(int*)(0x943da+class*0x12)."
0x0001f690,creature_s102_s107_nop_1f690,"Round 5: was creature_update_shared_1f690; states 102..107 (type 17, no constructor): ret, Table A records disabled. Shared update handler for class 5 (Creature) states [102, 103, 104, 105, 106, 107]."
0x0001f6a0,creature_s108_s113_nop_1f6a0,"Round 5: was creature_update_shared_1f6a0; states 108..113 (type 18): ret, records disabled. Shared update handler for class 5 (Creature) states [108, 109, 110, 111, 112, 113]."
0x0001f6b0,creature_s114_s119_nop_1f6b0,"Round 5: was creature_update_shared_1f6b0; states 114..119 (type 19): ret, records disabled. Shared update handler for class 5 (Creature) states [114, 115, 116, 117, 118, 119]."
0x0001f6d0,music_mood_fade_cb_1f6d0,"Round 5: was (no function); far timer callback (ends in retf) of music_update_1f800: ramps controller 7 on MIDI channels 3..5 (DAT_000938f8 level, 938f9 mood, 938fa active, 938fb step); created in round 5 (port_sound.md)."
0x00023d30,effect_marker_delete_update_23d30,"Round 5: was effect_update_shared_23d30; class 10 states 7, 8, 0x1e, 0x1f, 0x21, 0x36: deletes the thing (markers). Shared update handler for class 10 (Effect) states [7, 8, 30, 31, 33, 54]."
0x00023ec0,effect_dent_s10_update_23ec0,"Round 5: was effect_type10_s10_update_23ec0; class 10 state 0xa (type 0xa): one random dent that spares built-on cells. Thing update handler (Table A): class 10 Effect, state (+0x46) 10. Table A is *(int*)(0x943da+class*0x12)."
0x000243b0,effect_lava_blob_s16_update_243b0,"Round 5: was effect_type16_s16_update_243b0; class 10 state 0x10: lava blob thrown by the erupting crater. Thing update handler (Table A): class 10 Effect, state (+0x46) 16. Table A is *(int*)(0x943da+class*0x12)."
0x00024810,effect_eruption_s18_update_24810,"Round 5: was effect_type18_s18_update_24810; class 10 state 0x12: the crater a volcano leaves, which keeps erupting (GameState+0x24). Thing update handler (Table A): class 10 Effect, state (+0x46) 18. Table A is *(int*)(0x943da+class*0x12)."
0x00024a90,effect_volcano_smoke_s19_update_24a90,"Round 5: was effect_type19_s19_update_24a90; class 10 state 0x13: smoke column over the erupting crater (GameState+0x26). Thing update handler (Table A): class 10 Effect, state (+0x46) 19. Table A is *(int*)(0x943da+class*0x12)."
0x00024c20,effect_lightning_strike_s23_update_24c20,"Round 5: was effect_type21_s23_update_24c20; class 10 state 0x17 = type 0x17 'Lightning': the strike a bolt leaves where it hits. Thing update handler (Table A): class 10 Effect, state (+0x46) 23. Table A is *(int*)(0x943da+class*0x12)."
0x00024ca0,effect_type24_s24_nop_24ca0,"Round 5: was effect_type22_s24_update_24ca0; class 10 state 0x18 = type 0x18 ('Rain of fire' in the editor list; its constructor returns null): ret. Thing update handler (Table A): class 10 Effect, state (+0x46) 24. Table A is *(int*)(0x943da+class*0x12)."
0x00024cb0,effect_steal_mana_s25_update_24cb0,"Round 5: was effect_lightning_s25_update_24cb0; class 10 state 0x19 = type 0x19 'Steal mana': writes damage slot 3 once. Thing update handler (Table A): class 10 Effect, state (+0x46) 25. Table A is *(int*)(0x943da+class*0x12)."
0x00024d10,effect_type26_s26_update_24d10,"Round 5: was effect_rain_of_fire_s26_update_24d10; class 10 state 0x1a = type 0x1a: animated, writes damage slot 4 every tick (not rain of fire). Thing update handler (Table A): class 10 Effect, state (+0x46) 26. Table A is *(int*)(0x943da+class*0x12)."
0x00024eb0,effect_wall_south_s28_update_24eb0,"Round 5: was effect_type26_s28_update_24eb0; class 10 state 0x1c: wall piece running towards +y. Thing update handler (Table A): class 10 Effect, state (+0x46) 28. Table A is *(int*)(0x943da+class*0x12)."
0x00024fc0,effect_wall_north_s27_update_24fc0,"Round 5: was effect_steal_mana_s27_update_24fc0; class 10 state 0x1b: wall piece (type 0x1b), one of three direction states. Thing update handler (Table A): class 10 Effect, state (+0x46) 27. Table A is *(int*)(0x943da+class*0x12)."
0x000250b0,effect_wall_east_s29_update_250b0,"Round 5: was effect_type27_s29_update_250b0; class 10 state 0x1d: wall piece running towards +x. Thing update handler (Table A): class 10 Effect, state (+0x46) 29. Table A is *(int*)(0x943da+class*0x12)."
0x000251e0,effect_path_piece_s32_update_251e0,"Round 5: was effect_type30_s32_update_251e0; class 10 state 0x20 = type 0x1e path piece. Thing update handler (Table A): class 10 Effect, state (+0x46) 32. Table A is *(int*)(0x943da+class*0x12)."
0x00025270,effect_canyon_digger_s34_update_25270,"Round 5: was effect_type32_s34_update_25270; class 10 state 0x22 = type 0x20 canyon digger. Thing update handler (Table A): class 10 Effect, state (+0x46) 34. Table A is *(int*)(0x943da+class*0x12)."
0x000252f0,effect_ridge_raiser_s55_update_252f0,"Round 5: was effect_type53_s55_update_252f0; class 10 state 0x37 = type 0x33: ridge raiser. Thing update handler (Table A): class 10 Effect, state (+0x46) 55. Table A is *(int*)(0x943da+class*0x12)."
0x00025550,effect_orbiter_s37_update_25550,"Round 5: was effect_type35_s37_update_25550; class 10 state 0x25 = type 0x23: circles its caster (unreachable). Thing update handler (Table A): class 10 Effect, state (+0x46) 37. Table A is *(int*)(0x943da+class*0x12)."
0x00025670,effect_storm_cloud_s40_update_25670,"Round 5: was effect_type38_s40_update_25670; class 10 state 0x28 = type 0x26: storm cloud. Thing update handler (Table A): class 10 Effect, state (+0x46) 40. Table A is *(int*)(0x943da+class*0x12)."
0x000257e0,effect_skeleton_army_s38_update_257e0,"Round 5: was effect_type36_s38_update_257e0; class 10 state 0x26 = type 0x24: raises up to 8 skeletons. Thing update handler (Table A): class 10 Effect, state (+0x46) 38. Table A is *(int*)(0x943da+class*0x12)."
0x00025f10,effect_mana_hoard_s42_update_25f10,"Round 5: was effect_type40_s42_update_25f10; class 10 state 0x2a = type 0x28: mana hoard marker (owns balls through +0x90). Thing update handler (Table A): class 10 Effect, state (+0x46) 42. Table A is *(int*)(0x943da+class*0x12)."
0x00026b50,effect_castle_level_ground_s43_update_26b50,"Round 5: was effect_type41_s43_update_26b50; class 10 state 0x2b = type 0x29: levels a castle footprint. Thing update handler (Table A): class 10 Effect, state (+0x46) 43. Table A is *(int*)(0x943da+class*0x12)."
0x00027710,effect_wizard_castle_s52_update_27710,"Round 5: was effect_ridge_node_s52_update_27710; class 10 state 0x34: the living wizard castle (type 0x2d); not a ridge node. Thing update handler (Table A): class 10 Effect, state (+0x46) 52. Table A is *(int*)(0x943da+class*0x12)."
0x00027930,effect_wizard_castle_collapse_s53_update_27930,"Round 5: was effect_type51_s53_update_27930; class 10 state 0x35: destroyed wizard castle. Thing update handler (Table A): class 10 Effect, state (+0x46) 53. Table A is *(int*)(0x943da+class*0x12)."
0x00027d20,effect_castle_seed_landing_s45_update_27d20,"Round 5: was effect_type43_s45_update_27d20; class 10 state 0x2d = type 0x2b: where a castle seed lands. Thing update handler (Table A): class 10 Effect, state (+0x46) 45. Table A is *(int*)(0x943da+class*0x12)."
0x00027e90,effect_boulder_s46_update_27e90_disabled,"Round 5: was effect_type44_s46_update_27e90_disabled; class 10 state 0x2e = type 0x2c: boulder; Table A record disabled. Thing update handler (Table A): class 10 Effect, state (+0x46) 46. Table A is *(int*)(0x943da+class*0x12). enabled=0 in table."
0x00027ff0,effect_crab_egg_s56_update_27ff0,"Round 5: was effect_type54_s56_update_27ff0; class 10 state 0x38 = type 0x34: crab egg on the ground. Thing update handler (Table A): class 10 Effect, state (+0x46) 56. Table A is *(int*)(0x943da+class*0x12)."
0x00028050,effect_crab_egg_hatch_s57_update_28050,"Round 5: was effect_type55_s57_update_28050; class 10 state 0x39: the hatching crab egg. Thing update handler (Table A): class 10 Effect, state (+0x46) 57. Table A is *(int*)(0x943da+class*0x12)."
0x000280d0,effect_fire_pillar_s58_update_280d0,"Round 5: was effect_type56_s58_update_280d0; class 10 state 0x3a = type 0x35: fire pillar. Thing update handler (Table A): class 10 Effect, state (+0x46) 58. Table A is *(int*)(0x943da+class*0x12)."
0x00028270,effect_mana_magnet_s59_update_28270,"Round 5: was effect_type57_s59_update_28270; class 10 state 0x3b = type 0x36: mana magnet. Thing update handler (Table A): class 10 Effect, state (+0x46) 59. Table A is *(int*)(0x943da+class*0x12)."
0x00028320,effect_delayed_blast_s60_update_28320,"Round 5: was effect_type58_s60_update_28320; class 10 state 0x3c = type 0x37: delayed blast. Thing update handler (Table A): class 10 Effect, state (+0x46) 60. Table A is *(int*)(0x943da+class*0x12)."
0x000284c0,effect_type56_s61_nop_284c0,"Round 5: was effect_type59_s61_update_284c0; class 10 state 0x3d = type 0x38: does nothing. Thing update handler (Table A): class 10 Effect, state (+0x46) 61. Table A is *(int*)(0x943da+class*0x12)."
0x000359c0,player_create_start_pos0_359c0,"Round 5: was player_create_flyer1_359c0; class 3 type 4 (level model 'Flyer1' / 'Flyer6/7'): no thing, stores start_pos[0] (GameState+0x23d9 + 0*6) and returns null. Thing constructor (Table B): class 3 Player, type/model 4. Table B for a class is *(int*)(0x943de+class*0x12), 14-byte records."
0x000359e0,player_create_start_pos1_359e0,"Round 5: was player_create_flyer2_359e0; class 3 type 5 (level model 'Flyer2' / 'Flyer6/7'): no thing, stores start_pos[1] (GameState+0x23d9 + 1*6) and returns null. Thing constructor (Table B): class 3 Player, type/model 5. Table B for a class is *(int*)(0x943de+class*0x12), 14-byte records."
0x00035a00,player_create_start_pos2_35a00,"Round 5: was player_create_flyer3_35a00; class 3 type 6 (level model 'Flyer3' / 'Flyer6/7'): no thing, stores start_pos[2] (GameState+0x23d9 + 2*6) and returns null. Thing constructor (Table B): class 3 Player, type/model 6. Table B for a class is *(int*)(0x943de+class*0x12), 14-byte records."
0x00035a20,player_create_start_pos3_35a20,"Round 5: was player_create_flyer4_35a20; class 3 type 7 (level model 'Flyer4' / 'Flyer6/7'): no thing, stores start_pos[3] (GameState+0x23d9 + 3*6) and returns null. Thing constructor (Table B): class 3 Player, type/model 7. Table B for a class is *(int*)(0x943de+class*0x12), 14-byte records."
0x00035a40,player_create_start_pos4_35a40,"Round 5: was player_create_flyer5_35a40; class 3 type 8 (level model 'Flyer5' / 'Flyer6/7'): no thing, stores start_pos[4] (GameState+0x23d9 + 4*6) and returns null. Thing constructor (Table B): class 3 Player, type/model 8. Table B for a class is *(int*)(0x943de+class*0x12), 14-byte records."
0x00035a60,player_create_start_pos5_35a60,"Round 5: was player_create_flyer6_7_35a60; class 3 type 9 (level model 'Flyer6' / 'Flyer6/7'): no thing, stores start_pos[5] (GameState+0x23d9 + 5*6) and returns null. Thing constructor (Table B): class 3 Player, type/model 9. Table B for a class is *(int*)(0x943de+class*0x12), 14-byte records."
0x00035a80,player_create_start_pos6_35a80,"Round 5: was player_create_flyer8_35a80; class 3 type 10 (level model 'Flyer7' / 'Flyer6/7'): no thing, stores start_pos[6] (GameState+0x23d9 + 6*6) and returns null. Thing constructor (Table B): class 3 Player, type/model 10. Table B for a class is *(int*)(0x943de+class*0x12), 14-byte records."
0x00035aa0,player_create_start_pos7_35aa0,"Round 5: was player_create_flyer6_7_35aa0; class 3 type 11 (level model 'Flyer8' / 'Flyer6/7'): no thing, stores start_pos[7] (GameState+0x23d9 + 7*6) and returns null. Thing constructor (Table B): class 3 Player, type/model 11. Table B for a class is *(int*)(0x943de+class*0x12), 14-byte records."
0x00035b40,player_create_ai_wizard_35b40,"Round 5: was player_create_type1_35b40; class 3 type 1: computer wizard. Thing constructor (Table B): class 3 Player, type/model 1. Table B for a class is *(int*)(0x943de+class*0x12), 14-byte records."
0x00035bc0,castle_create_35bc0,"Round 5: was player_create_type2_35bc0; class 3 type 2: castle. Thing constructor (Table B): class 3 Player, type/model 2. Table B for a class is *(int*)(0x943de+class*0x12), 14-byte records."
0x00035ca0,balloon_create_35ca0,"Round 5: was player_create_type3_35ca0; class 3 type 3: balloon (state 7). Thing constructor (Table B): class 3 Player, type/model 3. Table B for a class is *(int*)(0x943de+class*0x12), 14-byte records."
0x00037d30,projectile_create_homing_37d30,"Round 5: was projectile_create_type1_37d30; class 9 type 1: possession / homing shot. Thing constructor (Table B): class 9 ?, type/model 1. Table B for a class is *(int*)(0x943de+class*0x12), 14-byte records."
0x00038160,projectile_create_lightning_38160,"Round 5: was projectile_create_type9_38160; class 9 type 9: lightning bolt. Thing constructor (Table B): class 9 ?, type/model 9. Table B for a class is *(int*)(0x943de+class*0x12), 14-byte records."
0x000381e0,projectile_create_castle_seed_381e0,"Round 5: was projectile_create_type10_381e0; class 9 type 0xa: castle seed. Thing constructor (Table B): class 9 ?, type/model 10. Table B for a class is *(int*)(0x943de+class*0x12), 14-byte records."
0x00038260,projectile_create_skeleton_seed_38260,"Round 5: was projectile_create_type11_38260; class 9 type 0xb: skeleton army seed. Thing constructor (Table B): class 9 ?, type/model 11. Table B for a class is *(int*)(0x943de+class*0x12), 14-byte records."
0x000382e0,projectile_create_thunderbolt_382e0,"Round 5: was projectile_create_type12_382e0; class 9 type 0xc: thunderbolt carrier. Thing constructor (Table B): class 9 ?, type/model 12. Table B for a class is *(int*)(0x943de+class*0x12), 14-byte records."
0x00038360,projectile_create_arrow_38360,"Round 5: was projectile_create_type13_38360; class 9 type 0xd: arrow. Thing constructor (Table B): class 9 ?, type/model 13. Table B for a class is *(int*)(0x943de+class*0x12), 14-byte records."
0x00038510,projectile_create_fire_wall_38510,"Round 5: was projectile_create_type16_38510; class 9 type 0x10 (state 0x11): fire wall shot. Thing constructor (Table B): class 9 ?, type/model 16. Table B for a class is *(int*)(0x943de+class*0x12), 14-byte records."
0x00038590,projectile_create_mana_magnet_38590,"Round 5: was projectile_create_type17_38590; class 9 type 0x11 (state 0x12): mana magnet shot. Thing constructor (Table B): class 9 ?, type/model 17. Table B for a class is *(int*)(0x943de+class*0x12), 14-byte records."
0x00038630,projectile_create_smart_bomb_38630,"Round 5: was projectile_create_type18_38630; class 9 type 0x12 (state 0x13): smart bomb shot. Thing constructor (Table B): class 9 ?, type/model 18. Table B for a class is *(int*)(0x943de+class*0x12), 14-byte records."
0x00038bd0,effect_create_dent_38bd0,"Round 5: was effect_create_type10_38bd0; class 10 type 0xa: impact dent. Thing constructor (Table B): class 10 Effect, type/model 10. Table B for a class is *(int*)(0x943de+class*0x12), 14-byte records."
0x000390a0,effect_create_volcano_smoke_390a0,"Round 5: was effect_create_type19_390a0; class 10 type 0x13: smoke column. Thing constructor (Table B): class 10 Effect, type/model 19. Table B for a class is *(int*)(0x943de+class*0x12), 14-byte records."
0x000392a0,effect_create_wall_piece_392a0,"Round 5: was effect_create_type27_392a0; class 10 type 0x1b: wall piece (level_build_wall sets state and length). Thing constructor (Table B): class 10 Effect, type/model 27. Table B for a class is *(int*)(0x943de+class*0x12), 14-byte records."
0x000394d0,effect_create_ridge_raiser_394d0,"Round 5: was effect_create_type51_394d0; class 10 type 0x33: ridge raiser (state 0x37). Thing constructor (Table B): class 10 Effect, type/model 51. Table B for a class is *(int*)(0x943de+class*0x12), 14-byte records."
0x00039670,effect_create_orbiter_39670,"Round 5: was effect_create_type35_39670; class 10 type 0x23: orbiter (state 0x25). Thing constructor (Table B): class 10 Effect, type/model 35. Table B for a class is *(int*)(0x943de+class*0x12), 14-byte records."
0x00039680,effect_create_skeleton_army_39680,"Round 5: was effect_create_type36_39680; class 10 type 0x24: skeleton army (state 0x26). Thing constructor (Table B): class 10 Effect, type/model 36. Table B for a class is *(int*)(0x943de+class*0x12), 14-byte records."
0x00039700,effect_create_storm_cloud_39700,"Round 5: was effect_create_type38_39700; class 10 type 0x26: storm cloud (state 0x28). Thing constructor (Table B): class 10 Effect, type/model 38. Table B for a class is *(int*)(0x943de+class*0x12), 14-byte records."
0x000398c0,effect_create_mana_hoard_398c0,"Round 5: was effect_create_type40_398c0; class 10 type 0x28: mana hoard marker (state 0x2a). Thing constructor (Table B): class 10 Effect, type/model 40. Table B for a class is *(int*)(0x943de+class*0x12), 14-byte records."
0x00039990,effect_create_castle_seed_landing_39990,"Round 5: was effect_create_type43_39990; class 10 type 0x2b (state 0x2d). Thing constructor (Table B): class 10 Effect, type/model 43. Table B for a class is *(int*)(0x943de+class*0x12), 14-byte records."
0x00039a00,effect_create_castle_level_ground_39a00,"Round 5: was effect_create_type41_39a00; class 10 type 0x29 (state 0x2b). Thing constructor (Table B): class 10 Effect, type/model 41. Table B for a class is *(int*)(0x943de+class*0x12), 14-byte records."
0x00039a50,effect_create_castle_raise_39a50,"Round 5: was effect_create_type42_39a50; class 10 type 0x2a (state 0x2c). Thing constructor (Table B): class 10 Effect, type/model 42. Table B for a class is *(int*)(0x943de+class*0x12), 14-byte records."
0x00039aa0,effect_create_boulder_39aa0,"Round 5: was effect_create_type44_39aa0; class 10 type 0x2c (state 0x2e, disabled). Thing constructor (Table B): class 10 Effect, type/model 44. Table B for a class is *(int*)(0x943de+class*0x12), 14-byte records."
0x00039b80,effect_create_fire_pillar_39b80,"Round 5: was effect_create_type53_39b80; class 10 type 0x35 (state 0x3a). Thing constructor (Table B): class 10 Effect, type/model 53. Table B for a class is *(int*)(0x943de+class*0x12), 14-byte records."
0x00039c10,effect_create_mana_magnet_39c10,"Round 5: was effect_create_type54_39c10; class 10 type 0x36 (state 0x3b). Thing constructor (Table B): class 10 Effect, type/model 54. Table B for a class is *(int*)(0x943de+class*0x12), 14-byte records."
0x00039ca0,effect_create_delayed_blast_39ca0,"Round 5: was effect_create_type55_39ca0; class 10 type 0x37 (state 0x3c). Thing constructor (Table B): class 10 Effect, type/model 55. Table B for a class is *(int*)(0x943de+class*0x12), 14-byte records."
0x00039e70,switch_create_hidden_outside_re_39e70,"Round 5: was switch_create_type3_39e70; class 11 type 3. Thing constructor (Table B): class 11 Switch, type/model 3. Table B for a class is *(int*)(0x943de+class*0x12), 14-byte records."
0x00039f10,switch_create_death_outside_re_39f10,"Round 5: was switch_create_type8_39f10; class 11 type 8. Thing constructor (Table B): class 11 Switch, type/model 8. Table B for a class is *(int*)(0x943de+class*0x12), 14-byte records."
0x00039f70,switch_create_obvious_inside_re_39f70,"Round 5: was switch_create_type11_39f70; class 11 type 11. Thing constructor (Table B): class 11 Switch, type/model 11. Table B for a class is *(int*)(0x943de+class*0x12), 14-byte records."
0x00039f90,switch_create_obvious_outside_re_39f90,"Round 5: was switch_create_type12_39f90; class 11 type 12. Thing constructor (Table B): class 11 Switch, type/model 12. Table B for a class is *(int*)(0x943de+class*0x12), 14-byte records."
0x00039fd0,switch_create_vulture_trigger_39fd0,"Round 5: was switch_create_type14_39fd0; class 11 type 14: creature type 1 trigger. Thing constructor (Table B): class 11 Switch, type/model 14. Table B for a class is *(int*)(0x943de+class*0x12), 14-byte records."
0x00039ff0,switch_create_bee_trigger_39ff0,"Round 5: was switch_create_type15_39ff0; class 11 type 15: creature type 2 trigger. Thing constructor (Table B): class 11 Switch, type/model 15. Table B for a class is *(int*)(0x943de+class*0x12), 14-byte records."
0x0003a010,switch_create_worm_trigger_3a010,"Round 5: was switch_create_none_trigger_3a010; class 11 type 16: creature type 3 trigger (editor name 'None trigger'). Thing constructor (Table B): class 11 Switch, type/model 16. Table B for a class is *(int*)(0x943de+class*0x12), 14-byte records."
0x0003a030,switch_create_archer_trigger_3a030,"Round 5: was switch_create_type17_3a030; class 11 type 17: creature type 4 trigger. Thing constructor (Table B): class 11 Switch, type/model 17. Table B for a class is *(int*)(0x943de+class*0x12), 14-byte records."
0x0003a0b0,switch_create_griffon_trigger_3a0b0,"Round 5: was switch_create_type21_3a0b0; class 11 type 21: creature type 8 trigger. Thing constructor (Table B): class 11 Switch, type/model 21. Table B for a class is *(int*)(0x943de+class*0x12), 14-byte records."
0x0003a0d0,switch_create_skeleton_trigger_3a0d0,"Round 5: was switch_create_type22_3a0d0; class 11 type 22: creature type 9 trigger. Thing constructor (Table B): class 11 Switch, type/model 22. Table B for a class is *(int*)(0x943de+class*0x12), 14-byte records."
0x0003a0f0,switch_create_emu_trigger_3a0f0,"Round 5: was switch_create_type23_3a0f0; class 11 type 23: creature type 10 trigger. Thing constructor (Table B): class 11 Switch, type/model 23. Table B for a class is *(int*)(0x943de+class*0x12), 14-byte records."
0x0003a130,switch_create_builder_trigger_3a130,"Round 5: was switch_create_type25_3a130; class 11 type 25: creature type 12 trigger. Thing constructor (Table B): class 11 Switch, type/model 25. Table B for a class is *(int*)(0x943de+class*0x12), 14-byte records."
0x0003a150,switch_create_townie_trigger_3a150,"Round 5: was switch_create_type26_3a150; class 11 type 26: creature type 13 trigger. Thing constructor (Table B): class 11 Switch, type/model 26. Table B for a class is *(int*)(0x943de+class*0x12), 14-byte records."
0x0003a170,switch_create_trader_trigger_3a170,"Round 5: was switch_create_type27_3a170; class 11 type 27: creature type 14 trigger. Thing constructor (Table B): class 11 Switch, type/model 27. Table B for a class is *(int*)(0x943de+class*0x12), 14-byte records."
0x0003a190,switch_create_type15_trigger_3a190,"Round 5: was switch_create_type28_3a190; class 11 type 28: creature type 15 trigger. Thing constructor (Table B): class 11 Switch, type/model 28. Table B for a class is *(int*)(0x943de+class*0x12), 14-byte records."
0x0003a1b0,switch_create_wyvern_trigger_3a1b0,"Round 5: was switch_create_type29_3a1b0; class 11 type 29: creature type 16 trigger. Thing constructor (Table B): class 11 Switch, type/model 29. Table B for a class is *(int*)(0x943de+class*0x12), 14-byte records."
0x000402c0,player_flyer_alive_update_402c0,"Round 5: was player_type0_s0_update_402c0; class 3 state 0: the living wizard (human or computer flyer body). Thing update handler (Table A): class 3 Player, state (+0x46) 0. Table A is *(int*)(0x943da+class*0x12)."
0x00040ab0,player_dead_update_40ab0,"Round 5: was player_type3_s3_update_40ab0; class 3 state 3: dead wizard; AI respawns at its castle after aux ticks, a human waits for command 0xf. Thing update handler (Table A): class 3 Player, state (+0x46) 3. Table A is *(int*)(0x943da+class*0x12)."
0x000413a0,castle_active_update_413a0,"Round 5: was player_flyer1_s4_update_413a0; class 3 state 4: active castle (port_castle.md). Thing update handler (Table A): class 3 Player, state (+0x46) 4. Table A is *(int*)(0x943da+class*0x12)."
0x00041500,castle_build_update_41500,"Round 5: was player_flyer2_s5_update_41500; class 3 state 5: castle being built / upgraded. Thing update handler (Table A): class 3 Player, state (+0x46) 5. Table A is *(int*)(0x943da+class*0x12)."
0x00042520,balloon_wait_nop_42520,"Round 5: was player_update_shared_42520; class 3 states 7 / 8: ret (a balloon is created in state 7 and waits until a castle sets state 9; nothing sets 8). Shared update handler for class 3 (Player) states [7, 8]."
0x00042760,player_s10_nop_42760,"Round 5: was player_flyer8_s10_update_42760; class 3 state 10: ret (unused). Thing update handler (Table A): class 3 Player, state (+0x46) 10. Table A is *(int*)(0x943da+class*0x12)."
0x00042960,class8_update_nop_42960,"Round 5: was class8_update_shared_42960; class 8 states 0..5: ret. Shared update handler for class 8 (?) states [0, 1, 2, 3, 4, 5]."
0x00045360,projectile_castle_seed_s10_update_45360,"Round 5: was projectile_type10_s10_update_45360; class 9 state 10 (type 0xa castle seed) with a target thing; 45530 flies without one. Thing update handler (Table A): class 9 ?, state (+0x46) 10. Table A is *(int*)(0x943da+class*0x12)."
0x000457a0,projectile_thunderbolt_s12_update_457a0,"Round 5: was projectile_type12_s12_update_457a0; class 9 state 12 (type 0xc thunderbolt carrier): leaves effect 0x26 (storm cloud). Thing update handler (Table A): class 9 ?, state (+0x46) 12. Table A is *(int*)(0x943da+class*0x12)."
0x00045b60,projectile_arrow_s13_update_45b60,"Round 5: was projectile_type13_s13_update_45b60; class 9 state 13 (type 0xd arrow): area damage, no effect. Thing update handler (Table A): class 9 ?, state (+0x46) 13. Table A is *(int*)(0x943da+class*0x12)."
0x00045c70,projectile_lightning_segment_s14_45c70,"Round 5: was projectile_type14_s14_update_45c70; class 9 state 14: the bolt segments of the type-9 lightning (dies when health < 0); no type 14 uses it. Thing update handler (Table A): class 9 ?, state (+0x46) 14. Table A is *(int*)(0x943da+class*0x12)."
0x00045c90,projectile_mana_magnet_s18_update_45c90,"Round 5: was projectile_type18_s18_update_45c90; class 9 state 18 = type 0x11 (mana magnet shot): ground-hugging, stops at a mana ball. Thing update handler (Table A): class 9 ?, state (+0x46) 18. Table A is *(int*)(0x943da+class*0x12)."
0x00045e60,projectile_smart_bomb_s19_update_45e60,"Round 5: was projectile_type19_s19_update_45e60; class 9 state 19 = type 0x12 (smart bomb shot): turns into its impact effect at once. Thing update handler (Table A): class 9 ?, state (+0x46) 19. Table A is *(int*)(0x943da+class*0x12)."
0x00049140,spell_smart_bomb_update_49140,"Round 5: was spell_update_shared_49140; cast handler of spell 22 (projectile 0x12); Table A also binds it to state 68, so a level pickup of spell 22 can never be picked up. Shared update handler for class 12 (Spell) states [66, 68]."
0x0004a510,switch_death_outside_re_s8_update_4a510,"Round 5: was switch_type8_s8_update_4a510; class 11 state 8 (type 8): outside, repeating. Thing update handler (Table A): class 11 Switch, state (+0x46) 8. Table A is *(int*)(0x943da+class*0x12)."
0x0004a5c0,switch_obvious_inside_re_s11_update_4a5c0,"Round 5: was switch_type11_s11_update_4a5c0; class 11 state 11 (type 11): inside, repeating. Thing update handler (Table A): class 11 Switch, state (+0x46) 11. Table A is *(int*)(0x943da+class*0x12)."
0x0004a610,switch_obvious_outside_re_s12_update_4a610,"Round 5: was switch_type12_s12_update_4a610; class 11 state 12 (type 12): outside, repeating. Thing update handler (Table A): class 11 Switch, state (+0x46) 12. Table A is *(int*)(0x943da+class*0x12)."
0x0004a790,switch_vulture_trigger_s14_update_4a790,"Round 5: was switch_type14_s14_update_4a790; class 11 state 14: fires when no creature of type 1 is left. Thing update handler (Table A): class 11 Switch, state (+0x46) 14. Table A is *(int*)(0x943da+class*0x12)."
0x0004a7a0,switch_bee_trigger_s15_update_4a7a0,"Round 5: was switch_type15_s15_update_4a7a0; class 11 state 15: fires when no creature of type 2 is left. Thing update handler (Table A): class 11 Switch, state (+0x46) 15. Table A is *(int*)(0x943da+class*0x12)."
0x0004a7b0,switch_worm_trigger_s16_update_4a7b0,"Round 5: was switch_none_trigger_s16_update_4a7b0; class 11 state 16: fires when no creature of type 3 is left (editor name 'None trigger'). Thing update handler (Table A): class 11 Switch, state (+0x46) 16. Table A is *(int*)(0x943da+class*0x12)."
0x0004a7c0,switch_archer_trigger_s17_update_4a7c0,"Round 5: was switch_type17_s17_update_4a7c0; class 11 state 17: fires when no creature of type 4 is left. Thing update handler (Table A): class 11 Switch, state (+0x46) 17. Table A is *(int*)(0x943da+class*0x12)."
0x0004a800,switch_griffon_trigger_s21_update_4a800,"Round 5: was switch_type21_s21_update_4a800; class 11 state 21: fires when no creature of type 8 is left. Thing update handler (Table A): class 11 Switch, state (+0x46) 21. Table A is *(int*)(0x943da+class*0x12)."
0x0004a810,switch_skeleton_trigger_s22_update_4a810,"Round 5: was switch_type22_s22_update_4a810; class 11 state 22: fires when no creature of type 9 is left. Thing update handler (Table A): class 11 Switch, state (+0x46) 22. Table A is *(int*)(0x943da+class*0x12)."
0x0004a820,switch_emu_trigger_s23_update_4a820,"Round 5: was switch_type23_s23_update_4a820; class 11 state 23: fires when no creature of type 10 is left. Thing update handler (Table A): class 11 Switch, state (+0x46) 23. Table A is *(int*)(0x943da+class*0x12)."
0x0004a840,switch_builder_trigger_s25_update_4a840,"Round 5: was switch_type25_s25_update_4a840; class 11 state 25: fires when no creature of type 12 is left. Thing update handler (Table A): class 11 Switch, state (+0x46) 25. Table A is *(int*)(0x943da+class*0x12)."
0x0004a850,switch_townie_trigger_s26_update_4a850,"Round 5: was switch_type26_s26_update_4a850; class 11 state 26: fires when no creature of type 13 is left. Thing update handler (Table A): class 11 Switch, state (+0x46) 26. Table A is *(int*)(0x943da+class*0x12)."
0x0004a860,switch_trader_trigger_s27_update_4a860,"Round 5: was switch_type27_s27_update_4a860; class 11 state 27: fires when no creature of type 14 is left. Thing update handler (Table A): class 11 Switch, state (+0x46) 27. Table A is *(int*)(0x943da+class*0x12)."
0x0004a870,switch_type15_trigger_s28_update_4a870,"Round 5: was switch_type28_s28_update_4a870; class 11 state 28: fires when no creature of type 15 is left. Thing update handler (Table A): class 11 Switch, state (+0x46) 28. Table A is *(int*)(0x943da+class*0x12)."
0x0004a880,switch_wyvern_trigger_s29_update_4a880,"Round 5: was switch_type29_s29_update_4a880; class 11 state 29: fires when no creature of type 16 is left. Thing update handler (Table A): class 11 Switch, state (+0x46) 29. Table A is *(int*)(0x943da+class*0x12)."
0x0004a8a0,switch_s31_nop_4a8a0,"Round 5: was switch_type31_s31_update_4a8a0; class 11 state 31: ret. Thing update handler (Table A): class 11 Switch, state (+0x46) 31. Table A is *(int*)(0x943da+class*0x12)."
# ---- Round 6 (2026-10-07, docs/analysis/names_round6.md): functions created this round ----
0x00066898,snd_midi_song_timer_cb_66898,"Round 6: was (no function). sosMIDI song timer callback (far, ends in retf; installed by snd_midi_start_song_5eab0 at header+0x38 Hz, reference 0x5ead3): per track counter DAT_0009f4aa, event fires when delta <= counter; event lengths from g_hmi_event_len 0x9fa0e / 0x9fa1e; FF 2F ends the track, FF 51 is skipped; when every track ended: active flag cleared, channels reset (CC7 = 0), timer removed, song rewound (no loop) (port_audio.md)."
0x00066887,hmi_lock_marker_66887,"Round 6: was (no function). Empty 17-byte marker: start of the lock region of snd_midi_song_timer_cb_66898 (refs 0x5f1da, 0x5f60c)."
0x00066dc0,hmi_lock_marker_66dc0,"Round 6: was (no function). Empty 17-byte marker: end of the lock region of snd_midi_song_timer_cb_66898 (refs 0x5f1df, 0x5f611)."
0x00066dd1,hmi_lock_marker_66dd1,"Round 6: was (no function). Empty 17-byte marker: start of the lock region of hmi_midi_slot_is_free_66de2 (ends at hmi_lock_marker_66e15; refs 0x5f05a, 0x5f48c)."
